invoice_id,Branch,City,category,unit_price,quantity,date,time,payment_method,rating,profit_margin,year,month,day
1,WALM003,"San Antonio","Health and beauty",74.69,7,2019-01-05,13:08:00,Ewallet,9.1,0.48,2019,1,5
2,WALM048,Harlingen,"Electronic accessories",15.28,5,2019-03-08,10:29:00,Cash,9.6,0.48,2019,3,8
3,WALM067,"Haltom City","Home and lifestyle",46.33,7,2019-03-03,13:23:00,"Credit card",7.4,0.33,2019,3,3
4,WALM064,Bedford,"Health and beauty",58.22,8,2019-01-27,20:33:00,Ewallet,8.4,0.33,2019,1,27
5,WALM013,Irving,"Sports and travel",86.31,7,2019-02-08,10:37:00,Ewallet,5.3,0.48,2019,2,8
6,WALM026,Denton,"Electronic accessories",85.39,7,2019-03-25,18:30:00,Ewallet,4.1,0.48,2019,3,25
7,WALM088,Cleburne,"Electronic accessories",68.84,6,2019-02-25,14:36:00,Ewallet,5.8,0.33,2019,2,25
8,WALM100,Canyon,"Home and lifestyle",73.56,10,2019-02-24,11:38:00,Ewallet,8,0.18,2019,2,24
9,WALM066,Grapevine,"Health and beauty",36.26,2,2019-01-10,17:15:00,"Credit card",7.2,0.33,2019,1,10
10,WALM065,"Texas City","Food and beverages",54.84,3,2019-02-20,13:27:00,"Credit card",5.9,0.33,2019,2,20
11,WALM013,Irving,"Fashion accessories",14.48,4,2019-02-06,18:07:00,Ewallet,4.5,0.48,2019,2,6
12,WALM035,"San Angelo","Electronic accessories",25.51,4,2019-03-09,17:03:00,Cash,6.8,0.48,2019,3,9
13,WALM027,Abilene,"Electronic accessories",46.95,5,2019-02-12,10:25:00,Ewallet,7.1,0.48,2019,2,12
14,WALM035,"San Angelo","Food and beverages",43.19,10,2019-02-07,16:48:00,Ewallet,8.2,0.48,2019,2,7
15,WALM031,Lewisville,"Health and beauty",71.38,10,2019-03-29,19:21:00,Cash,5.7,0.48,2019,3,29
16,WALM008,"Corpus Christi","Sports and travel",93.72,6,2019-01-15,16:19:00,Cash,4.5,0.48,2019,1,15
17,WALM029,"Round Rock","Health and beauty",68.93,7,2019-03-11,11:03:00,"Credit card",4.6,0.48,2019,3,11
18,WALM061,"Cedar Park","Sports and travel",72.61,6,2019-01-01,10:39:00,"Credit card",6.9,0.33,2019,1,1
19,WALM053,Conroe,"Food and beverages",54.67,3,2019-01-21,18:00:00,"Credit card",8.6,0.57,2019,1,21
20,WALM013,Irving,"Home and lifestyle",40.3,2,2019-03-11,15:30:00,Ewallet,4.4,0.48,2019,3,11
21,WALM044,Pharr,"Electronic accessories",86.04,5,2019-02-25,11:24:00,Ewallet,4.8,0.48,2019,2,25
22,WALM088,Cleburne,"Health and beauty",87.98,3,2019-03-05,10:40:00,Ewallet,5.1,0.33,2019,3,5
23,WALM083,"Farmers Branch","Home and lifestyle",33.2,2,2019-03-15,12:20:00,"Credit card",4.4,0.33,2019,3,15
24,WALM067,"Haltom City","Electronic accessories",34.56,5,2019-02-17,11:15:00,Ewallet,9.9,0.33,2019,2,17
25,WALM023,Midland,"Sports and travel",88.63,3,2019-03-02,17:36:00,Ewallet,6,0.48,2019,3,2
26,WALM001,Houston,"Home and lifestyle",52.59,8,2019-03-22,19:20:00,"Credit card",8.5,0.36,2019,3,22
27,WALM072,Lancaster,"Fashion accessories",33.52,1,2019-02-08,15:31:00,Cash,6.7,0.33,2019,2,8
28,WALM046,Temple,"Fashion accessories",87.67,2,2019-03-10,12:17:00,"Credit card",7.7,0.48,2019,3,10
29,WALM012,Garland,"Food and beverages",88.36,5,2019-01-25,19:48:00,Cash,9.6,0.48,2019,1,25
30,WALM075,"San Marcos","Health and beauty",24.89,9,2019-03-15,15:36:00,Cash,7.4,0.33,2019,3,15
31,WALM076,Huntsville,"Fashion accessories",94.13,5,2019-02-25,19:39:00,"Credit card",4.8,0.33,2019,2,25
32,WALM098,"Mineral Wells","Sports and travel",78.07,9,2019-01-28,12:43:00,Cash,4.5,0.18,2019,1,28
33,WALM021,McAllen,"Sports and travel",83.78,8,2019-01-10,14:49:00,Cash,5.1,0.48,2019,1,10
34,WALM096,"Eagle Pass","Health and beauty",96.58,2,2019-03-15,10:12:00,"Credit card",5.1,0.18,2019,3,15
35,WALM022,Mesquite,"Food and beverages",99.42,4,2019-02-06,10:42:00,Ewallet,7.5,0.48,2019,2,6
36,WALM095,"Big Spring","Sports and travel",68.12,1,2019-01-07,12:28:00,Ewallet,6.8,0.33,2019,1,7
37,WALM041,Mission,"Sports and travel",62.62,5,2019-03-10,19:15:00,Ewallet,7,0.48,2019,3,10
38,WALM070,Hurst,"Electronic accessories",60.88,9,2019-01-15,17:17:00,Ewallet,4.7,0.33,2019,1,15
39,WALM070,Hurst,"Health and beauty",54.92,8,2019-03-23,13:24:00,Ewallet,7.6,0.33,2019,3,23
40,WALM030,Richardson,"Home and lifestyle",30.12,8,2019-03-03,13:01:00,Cash,7.7,0.48,2019,3,3
41,WALM033,Pearland,"Home and lifestyle",86.72,1,2019-01-17,18:45:00,Ewallet,7.9,0.48,2019,1,17
42,WALM088,Cleburne,"Home and lifestyle",56.11,2,2019-02-02,10:11:00,Cash,6.3,0.33,2019,2,2
43,WALM079,"La Porte","Sports and travel",69.12,6,2019-02-08,13:03:00,Cash,5.6,0.33,2019,2,8
44,WALM042,Bryan,"Food and beverages",98.7,8,2019-03-04,20:39:00,Cash,7.6,0.48,2019,3,4
45,WALM036,Allen,"Health and beauty",15.37,2,2019-03-16,19:47:00,Cash,7.2,0.48,2019,3,16
46,WALM056,Rowlett,"Electronic accessories",93.96,4,2019-03-09,18:00:00,Cash,9.5,0.33,2019,3,9
47,WALM058,"Port Arthur","Health and beauty",56.69,9,2019-02-27,17:24:00,"Credit card",8.4,0.33,2019,2,27
48,WALM015,"Grand Prairie","Food and beverages",20.01,9,2019-02-06,15:47:00,Ewallet,4.1,0.48,2019,2,6
49,WALM063,Georgetown,"Electronic accessories",18.93,6,2019-02-10,12:45:00,"Credit card",8.1,0.33,2019,2,10
50,WALM021,McAllen,"Fashion accessories",82.63,10,2019-03-19,17:08:00,Ewallet,7.9,0.48,2019,3,19
51,WALM089,Southlake,"Food and beverages",91.4,7,2019-02-03,10:19:00,Cash,9.5,0.33,2019,2,3
52,WALM093,Angleton,"Food and beverages",44.59,5,2019-02-10,15:10:00,Cash,8.5,0.33,2019,2,10
53,WALM041,Mission,"Fashion accessories",17.87,4,2019-03-22,14:42:00,Ewallet,6.5,0.48,2019,3,22
54,WALM045,"Missouri City","Fashion accessories",15.43,1,2019-01-25,15:46:00,"Credit card",6.1,0.48,2019,1,25
55,WALM005,"Fort Worth","Home and lifestyle",16.16,2,2019-03-07,11:49:00,Ewallet,6.5,0.48,2019,3,7
56,WALM042,Bryan,"Electronic accessories",85.98,8,2019-02-28,19:01:00,Cash,8.2,0.48,2019,2,28
57,WALM003,"San Antonio","Home and lifestyle",44.34,2,2019-03-27,11:26:00,Cash,5.8,0.36,2019,3,27
58,WALM070,Hurst,"Health and beauty",89.6,8,2019-02-07,11:28:00,Ewallet,6.6,0.33,2019,2,7
59,WALM066,Grapevine,"Home and lifestyle",72.35,10,2019-01-20,15:55:00,Cash,5.4,0.33,2019,1,20
60,WALM031,Lewisville,"Electronic accessories",30.61,6,2019-03-12,20:36:00,Cash,9.3,0.48,2019,3,12
61,WALM042,Bryan,"Sports and travel",24.74,3,2019-02-15,17:47:00,"Credit card",10,0.48,2019,2,15
62,WALM078,"Del Rio","Home and lifestyle",55.73,6,2019-02-24,10:55:00,Ewallet,7,0.33,2019,2,24
63,WALM037,"League City","Sports and travel",55.07,9,2019-02-03,13:40:00,Ewallet,10,0.48,2019,2,3
64,WALM069,Rockwall,"Sports and travel",15.81,10,2019-03-06,12:27:00,"Credit card",8.6,0.33,2019,3,6
65,WALM087,Waxahachie,"Health and beauty",75.74,4,2019-02-14,14:35:00,Cash,7.6,0.33,2019,2,14
66,WALM042,Bryan,"Health and beauty",15.87,10,2019-03-13,16:40:00,Cash,5.8,0.48,2019,3,13
67,WALM020,Killeen,"Health and beauty",33.47,2,2019-02-10,15:43:00,Ewallet,6.7,0.48,2019,2,10
68,WALM029,"Round Rock","Fashion accessories",97.61,6,2019-01-07,15:01:00,Ewallet,9.9,0.48,2019,1,7
69,WALM079,"La Porte","Sports and travel",78.77,10,2019-01-24,10:04:00,Cash,6.4,0.33,2019,1,24
70,WALM035,"San Angelo","Health and beauty",18.33,1,2019-02-02,18:50:00,Cash,4.3,0.48,2019,2,2
71,WALM007,Arlington,"Food and beverages",89.48,10,2019-01-06,12:46:00,"Credit card",9.6,0.48,2019,1,6
72,WALM017,McKinney,"Fashion accessories",62.12,10,2019-02-11,16:19:00,Cash,5.9,0.48,2019,2,11
73,WALM096,"Eagle Pass","Food and beverages",48.52,3,2019-03-05,18:17:00,Ewallet,4,0.18,2019,3,5
74,WALM083,"Farmers Branch","Electronic accessories",75.91,6,2019-03-09,18:21:00,Cash,8.7,0.33,2019,3,9
75,WALM072,Lancaster,"Home and lifestyle",74.67,9,2019-01-22,10:55:00,Ewallet,9.4,0.33,2019,1,22
76,WALM003,"San Antonio","Electronic accessories",41.65,10,2019-01-13,17:04:00,"Credit card",5.4,0.48,2019,1,13
77,WALM058,"Port Arthur","Fashion accessories",49.04,9,2019-01-09,14:20:00,"Credit card",8.6,0.33,2019,1,9
78,WALM094,Alamo,"Fashion accessories",20.01,9,2019-01-12,15:48:00,"Credit card",5.7,0.33,2019,1,12
79,WALM063,Georgetown,"Food and beverages",78.31,10,2019-03-05,16:24:00,Ewallet,6.6,0.33,2019,3,5
80,WALM071,Lufkin,"Health and beauty",20.38,5,2019-01-22,18:56:00,Cash,6,0.33,2019,1,22
81,WALM061,"Cedar Park","Health and beauty",99.19,6,2019-01-21,14:42:00,"Credit card",5.5,0.33,2019,1,21
82,WALM090,Brownwood,"Food and beverages",96.68,3,2019-01-26,19:56:00,Ewallet,6.4,0.33,2019,1,26
83,WALM061,"Cedar Park","Food and beverages",19.25,8,2019-01-23,18:37:00,Ewallet,6.6,0.33,2019,1,23
84,WALM041,Mission,"Food and beverages",80.36,4,2019-02-23,18:45:00,Ewallet,8.3,0.48,2019,2,23
85,WALM097,Alice,"Sports and travel",48.91,5,2019-03-09,10:17:00,Cash,6.6,0.18,2019,3,9
86,WALM043,Baytown,"Sports and travel",83.06,7,2019-03-05,14:31:00,Ewallet,4,0.48,2019,3,5
87,WALM042,Bryan,"Fashion accessories",76.52,5,2019-03-25,10:23:00,Cash,9.9,0.48,2019,3,25
88,WALM046,Temple,"Food and beverages",49.38,7,2019-03-27,20:35:00,"Credit card",7.3,0.48,2019,3,27
89,WALM011,Lubbock,"Sports and travel",42.47,1,2019-01-02,16:57:00,Cash,5.7,0.48,2019,1,2
90,WALM064,Bedford,"Health and beauty",76.99,6,2019-02-27,17:55:00,Cash,6.1,0.33,2019,2,27
91,WALM095,"Big Spring","Home and lifestyle",47.38,4,2019-01-23,10:25:00,Cash,7.1,0.33,2019,1,23
92,WALM049,"North Richland Hills","Sports and travel",44.86,10,2019-01-26,19:54:00,Ewallet,8.2,0.48,2019,1,26
93,WALM040,Edinburg,"Sports and travel",21.98,7,2019-01-10,16:42:00,Ewallet,5.1,0.48,2019,1,10
94,WALM065,"Texas City","Health and beauty",64.36,9,2019-03-12,12:09:00,"Credit card",8.6,0.33,2019,3,12
95,WALM075,"San Marcos","Health and beauty",89.75,1,2019-02-06,20:05:00,"Credit card",6.6,0.33,2019,2,6
96,WALM034,"College Station","Electronic accessories",97.16,1,2019-03-08,20:38:00,Ewallet,7.2,0.48,2019,3,8
97,WALM014,Amarillo,"Health and beauty",87.87,10,2019-03-29,10:25:00,Ewallet,5.1,0.48,2019,3,29
98,WALM096,"Eagle Pass","Electronic accessories",12.45,6,2019-02-09,13:11:00,Cash,4.1,0.18,2019,2,9
99,WALM004,Austin,"Food and beverages",52.75,3,2019-03-23,10:16:00,Ewallet,9.3,0.48,2019,3,23
100,WALM011,Lubbock,"Home and lifestyle",82.7,6,2019-03-05,18:14:00,Cash,7.4,0.48,2019,3,5
101,WALM075,"San Marcos","Fashion accessories",48.71,1,2019-03-26,19:20:00,Cash,4.1,0.33,2019,3,26
102,WALM057,Euless,"Fashion accessories",78.55,9,2019-03-01,13:22:00,Cash,7.2,0.33,2019,3,1
103,WALM023,Midland,"Electronic accessories",23.07,9,2019-02-01,11:27:00,Cash,4.9,0.48,2019,2,1
104,WALM012,Garland,"Food and beverages",58.26,6,2019-03-28,16:44:00,Cash,9.9,0.48,2019,3,28
105,WALM078,"Del Rio","Health and beauty",30.35,7,2019-03-19,18:19:00,Cash,8,0.33,2019,3,19
106,WALM055,Waxahachie,"Electronic accessories",88.67,10,2019-01-12,14:50:00,Ewallet,7.3,0.33,2019,1,12
107,WALM038,"Sugar Land","Fashion accessories",27.38,6,2019-01-05,20:54:00,"Credit card",7.9,0.48,2019,1,5
108,WALM049,"North Richland Hills","Sports and travel",62.13,6,2019-03-22,20:19:00,Cash,7.4,0.48,2019,3,22
109,WALM044,Pharr,"Food and beverages",33.98,9,2019-03-24,10:43:00,Cash,4.2,0.48,2019,3,24
110,WALM056,Rowlett,"Electronic accessories",81.97,10,2019-03-03,14:30:00,Cash,9.2,0.33,2019,3,3
111,WALM007,Arlington,"Sports and travel",16.49,2,2019-02-05,11:32:00,Ewallet,4.6,0.48,2019,2,5
112,WALM025,Waco,"Health and beauty",98.21,3,2019-02-05,10:41:00,"Credit card",7.8,0.48,2019,2,5
113,WALM005,"Fort Worth","Fashion accessories",72.84,7,2019-02-15,12:44:00,Cash,8.4,0.48,2019,2,15
114,WALM024,Carrollton,"Home and lifestyle",58.07,9,2019-01-19,20:07:00,Ewallet,4.3,0.48,2019,1,19
115,WALM003,"San Antonio","Home and lifestyle",80.79,9,2019-02-01,20:31:00,"Credit card",9.5,0.36,2019,2,1
116,WALM087,Waxahachie,"Fashion accessories",27.02,3,2019-03-02,13:01:00,"Credit card",7.1,0.33,2019,3,2
117,WALM040,Edinburg,"Fashion accessories",21.94,5,2019-03-05,12:29:00,Ewallet,5.3,0.48,2019,3,5
118,WALM071,Lufkin,"Fashion accessories",51.36,1,2019-01-16,15:26:00,Ewallet,5.2,0.33,2019,1,16
119,WALM027,Abilene,"Food and beverages",10.96,10,2019-02-02,20:48:00,Ewallet,6,0.48,2019,2,2
120,WALM071,Lufkin,"Home and lifestyle",53.44,2,2019-01-20,20:38:00,Ewallet,4.1,0.33,2019,1,20
121,WALM014,Amarillo,"Electronic accessories",99.56,8,2019-02-14,17:03:00,"Credit card",5.2,0.48,2019,2,14
122,WALM069,Rockwall,"Sports and travel",57.12,7,2019-01-12,12:02:00,"Credit card",6.5,0.33,2019,1,12
123,WALM085,Kerrville,"Sports and travel",99.96,9,2019-03-09,17:26:00,"Credit card",4.2,0.33,2019,3,9
124,WALM061,"Cedar Park","Home and lifestyle",63.91,8,2019-03-13,19:52:00,"Credit card",4.6,0.33,2019,3,13
125,WALM088,Cleburne,"Fashion accessories",56.47,8,2019-03-09,14:57:00,Ewallet,7.3,0.33,2019,3,9
126,WALM034,"College Station","Home and lifestyle",93.69,7,2019-03-10,18:44:00,"Credit card",4.5,0.48,2019,3,10
127,WALM016,Brownsville,"Sports and travel",32.25,5,2019-01-27,13:26:00,Cash,9,0.48,2019,1,27
128,WALM044,Pharr,"Fashion accessories",31.73,9,2019-01-08,16:17:00,"Credit card",5.9,0.48,2019,1,8
129,WALM035,"San Angelo","Food and beverages",68.54,8,2019-01-08,15:57:00,Ewallet,8.5,0.48,2019,1,8
130,WALM018,Frisco,"Sports and travel",90.28,9,2019-02-08,11:15:00,Ewallet,7.2,0.48,2019,2,8
131,WALM022,Mesquite,"Fashion accessories",39.62,7,2019-01-25,13:18:00,Cash,7.5,0.48,2019,1,25
132,WALM068,Burleson,"Sports and travel",92.13,6,2019-03-06,20:34:00,Cash,8.3,0.33,2019,3,6
133,WALM055,Waxahachie,"Sports and travel",34.84,4,2019-02-10,18:36:00,Cash,7.4,0.33,2019,2,10
134,WALM002,Dallas,"Electronic accessories",87.45,6,2019-02-17,14:40:00,"Credit card",8.8,0.36,2019,2,17
135,WALM062,Galveston,"Health and beauty",81.3,6,2019-03-08,16:43:00,Ewallet,5.3,0.33,2019,3,8
136,WALM098,"Mineral Wells","Fashion accessories",90.22,3,2019-02-18,19:39:00,Cash,6.2,0.18,2019,2,18
137,WALM027,Abilene,"Electronic accessories",26.31,5,2019-01-18,20:59:00,"Credit card",8.8,0.48,2019,1,18
138,WALM093,Angleton,"Home and lifestyle",34.42,6,2019-02-18,15:39:00,Cash,9.8,0.33,2019,2,18
139,WALM029,"Round Rock","Sports and travel",51.91,10,2019-02-16,12:21:00,Cash,8.2,0.48,2019,2,16
140,WALM016,Brownsville,"Sports and travel",72.5,8,2019-03-16,19:25:00,Ewallet,9.2,0.48,2019,3,16
141,WALM023,Midland,"Sports and travel",89.8,10,2019-01-23,13:00:00,"Credit card",5.4,0.48,2019,1,23
142,WALM012,Garland,"Health and beauty",90.5,10,2019-01-25,13:48:00,Cash,8.1,0.48,2019,1,25
143,WALM052,Mansfield,"Health and beauty",68.6,10,2019-02-05,19:57:00,Cash,9.1,0.57,2019,2,5
144,WALM097,Alice,"Food and beverages",30.41,1,2019-02-22,10:36:00,"Credit card",8.4,0.18,2019,2,22
145,WALM045,"Missouri City","Home and lifestyle",77.95,6,2019-01-21,16:37:00,"Credit card",8,0.48,2019,1,21
146,WALM047,"Flower Mound","Health and beauty",46.26,6,2019-03-08,17:11:00,"Credit card",9.5,0.48,2019,3,8
147,WALM026,Denton,"Fashion accessories",30.14,10,2019-02-10,12:28:00,Ewallet,9.2,0.48,2019,2,10
148,WALM054,Sherman,"Health and beauty",66.14,4,2019-03-19,12:46:00,"Credit card",5.6,0.21,2019,3,19
149,WALM049,"North Richland Hills","Home and lifestyle",71.86,8,2019-03-06,15:07:00,"Credit card",6.2,0.48,2019,3,6
150,WALM065,"Texas City","Health and beauty",32.46,8,2019-03-27,13:48:00,"Credit card",4.9,0.33,2019,3,27
151,WALM016,Brownsville,"Fashion accessories",91.54,4,2019-03-23,19:20:00,"Credit card",4.8,0.48,2019,3,23
152,WALM070,Hurst,"Sports and travel",34.56,7,2019-03-11,16:07:00,"Credit card",7.3,0.33,2019,3,11
153,WALM099,Weatherford,"Fashion accessories",83.24,9,2019-01-29,11:56:00,"Credit card",7.4,0.18,2019,1,29
154,WALM071,Lufkin,"Food and beverages",16.48,6,2019-02-07,18:23:00,Ewallet,9.9,0.33,2019,2,7
155,WALM078,"Del Rio","Sports and travel",80.97,8,2019-01-28,13:05:00,Cash,9.3,0.33,2019,1,28
156,WALM074,Weslaco,"Food and beverages",92.29,5,2019-02-20,15:55:00,Cash,9,0.33,2019,2,20
157,WALM042,Bryan,"Electronic accessories",72.17,1,2019-01-04,19:40:00,Cash,6.1,0.48,2019,1,4
158,WALM013,Irving,"Home and lifestyle",50.28,5,2019-03-07,13:58:00,Ewallet,9.7,0.48,2019,3,7
159,WALM100,Canyon,"Health and beauty",97.22,9,2019-03-30,14:43:00,Ewallet,6,0.18,2019,3,30
160,WALM094,Alamo,"Sports and travel",93.39,6,2019-03-27,19:18:00,Ewallet,10,0.33,2019,3,27
161,WALM028,Odessa,"Food and beverages",43.18,8,2019-01-19,19:39:00,"Credit card",8.3,0.48,2019,1,19
162,WALM019,Pasadena,"Sports and travel",63.69,1,2019-02-25,16:21:00,Cash,6,0.48,2019,2,25
163,WALM011,Lubbock,"Food and beverages",45.79,7,2019-03-13,19:44:00,"Credit card",7,0.48,2019,3,13
164,WALM084,Schertz,"Sports and travel",76.4,2,2019-01-30,19:42:00,Ewallet,6.5,0.33,2019,1,30
165,WALM057,Euless,"Food and beverages",39.9,10,2019-02-20,15:24:00,"Credit card",5.9,0.33,2019,2,20
166,WALM088,Cleburne,"Health and beauty",42.57,8,2019-02-25,14:12:00,Ewallet,5.6,0.33,2019,2,25
167,WALM061,"Cedar Park","Home and lifestyle",95.58,10,2019-01-16,13:32:00,Cash,4.8,0.33,2019,1,16
168,WALM040,Edinburg,"Fashion accessories",98.98,10,2019-02-08,16:20:00,"Credit card",8.7,0.48,2019,2,8
169,WALM069,Rockwall,"Food and beverages",51.28,6,2019-01-19,16:31:00,Cash,6.5,0.33,2019,1,19
170,WALM089,Southlake,"Sports and travel",69.52,7,2019-02-01,15:10:00,"Credit card",8.5,0.33,2019,2,1
171,WALM031,Lewisville,"Health and beauty",70.01,5,2019-01-03,11:36:00,Ewallet,5.5,0.48,2019,1,3
172,WALM039,Longview,"Food and beverages",80.05,5,2019-01-26,12:45:00,"Credit card",9.4,0.48,2019,1,26
173,WALM039,Longview,"Electronic accessories",20.85,8,2019-03-03,19:17:00,Cash,6.3,0.48,2019,3,3
174,WALM047,"Flower Mound","Electronic accessories",52.89,6,2019-01-19,17:34:00,"Credit card",9.8,0.48,2019,1,19
175,WALM071,Lufkin,"Food and beverages",19.79,8,2019-01-18,12:04:00,Ewallet,8.7,0.33,2019,1,18
176,WALM060,DeSoto,"Home and lifestyle",33.84,9,2019-03-21,16:21:00,Ewallet,8.8,0.33,2019,3,21
177,WALM073,Seguin,"Food and beverages",22.17,8,2019-03-03,17:01:00,"Credit card",9.6,0.33,2019,3,3
178,WALM059,Pflugerville,"Fashion accessories",22.51,7,2019-02-13,10:50:00,"Credit card",4.8,0.33,2019,2,13
179,WALM012,Garland,"Food and beverages",73.88,6,2019-03-23,19:16:00,Ewallet,4.4,0.48,2019,3,23
180,WALM086,Rosenberg,"Health and beauty",86.8,3,2019-01-28,16:47:00,Ewallet,9.9,0.33,2019,1,28
181,WALM073,Seguin,"Fashion accessories",64.26,7,2019-02-09,10:00:00,Cash,5.7,0.33,2019,2,9
182,WALM028,Odessa,"Food and beverages",38.47,8,2019-01-23,11:51:00,Cash,7.7,0.48,2019,1,23
183,WALM053,Conroe,"Sports and travel",15.5,10,2019-03-23,10:55:00,Ewallet,8,0.57,2019,3,23
184,WALM024,Carrollton,"Health and beauty",34.31,8,2019-01-25,15:00:00,Ewallet,5.7,0.48,2019,1,25
185,WALM097,Alice,"Sports and travel",12.34,7,2019-03-04,11:19:00,"Credit card",6.7,0.18,2019,3,4
186,WALM072,Lancaster,"Food and beverages",18.08,3,2019-03-05,19:46:00,Ewallet,8,0.33,2019,3,5
187,WALM023,Midland,"Home and lifestyle",94.49,8,2019-03-03,19:00:00,Ewallet,7.5,0.48,2019,3,3
188,WALM038,"Sugar Land","Home and lifestyle",46.47,4,2019-02-08,10:53:00,Cash,7,0.48,2019,2,8
189,WALM078,"Del Rio","Home and lifestyle",74.07,1,2019-02-10,12:50:00,Ewallet,9.9,0.33,2019,2,10
190,WALM084,Schertz,"Home and lifestyle",69.81,4,2019-01-28,20:50:00,"Credit card",5.9,0.33,2019,1,28
191,WALM059,Pflugerville,"Home and lifestyle",77.04,3,2019-02-11,10:39:00,"Credit card",7.2,0.33,2019,2,11
192,WALM062,Galveston,"Fashion accessories",73.52,2,2019-01-15,13:41:00,Ewallet,4.6,0.33,2019,1,15
193,WALM090,Brownwood,"Food and beverages",87.8,9,2019-03-16,19:08:00,Cash,9.2,0.33,2019,3,16
194,WALM015,"Grand Prairie","Home and lifestyle",25.55,4,2019-01-26,20:23:00,Ewallet,5.7,0.48,2019,1,26
195,WALM003,"San Antonio","Electronic accessories",32.71,5,2019-03-19,11:30:00,"Credit card",9.9,0.48,2019,3,19
196,WALM066,Grapevine,"Fashion accessories",74.29,1,2019-01-13,19:30:00,Cash,5,0.33,2019,1,13
197,WALM079,"La Porte","Health and beauty",43.7,2,2019-03-26,18:03:00,Cash,4.9,0.33,2019,3,26
198,WALM002,Dallas,"Home and lifestyle",25.29,1,2019-03-23,10:13:00,Ewallet,6.1,0.36,2019,3,23
199,WALM094,Alamo,"Health and beauty",41.5,4,2019-03-12,19:58:00,"Credit card",8.2,0.33,2019,3,12
200,WALM047,"Flower Mound","Food and beverages",71.39,5,2019-02-17,19:57:00,"Credit card",5.5,0.48,2019,2,17
201,WALM100,Canyon,"Sports and travel",19.15,6,2019-01-29,10:01:00,"Credit card",6.8,0.18,2019,1,29
202,WALM005,"Fort Worth","Electronic accessories",57.49,4,2019-03-15,11:57:00,Cash,6.6,0.48,2019,3,15
203,WALM086,Rosenberg,"Electronic accessories",61.41,7,2019-01-14,10:02:00,Cash,9.8,0.33,2019,1,14
204,WALM029,"Round Rock","Health and beauty",25.9,10,2019-02-06,14:51:00,Ewallet,8.7,0.48,2019,2,6
205,WALM065,"Texas City","Home and lifestyle",17.77,5,2019-02-15,12:42:00,"Credit card",5.4,0.33,2019,2,15
206,WALM085,Kerrville,"Health and beauty",23.03,9,2019-01-03,12:02:00,Ewallet,7.9,0.33,2019,1,3
207,WALM034,"College Station","Electronic accessories",66.65,9,2019-01-04,18:19:00,"Credit card",9.7,0.48,2019,1,4
208,WALM055,Waxahachie,"Home and lifestyle",28.53,10,2019-03-18,17:38:00,Ewallet,7.8,0.33,2019,3,18
209,WALM043,Baytown,"Fashion accessories",30.37,3,2019-03-28,13:41:00,Ewallet,5.1,0.48,2019,3,28
210,WALM003,"San Antonio","Electronic accessories",99.73,9,2019-03-02,19:42:00,"Credit card",6.5,0.48,2019,3,2
211,WALM050,Victoria,"Electronic accessories",26.23,9,2019-01-25,20:24:00,Ewallet,5.9,0.48,2019,1,25
212,WALM057,Euless,"Food and beverages",93.26,9,2019-01-16,18:08:00,Cash,8.8,0.33,2019,1,16
213,WALM088,Cleburne,"Home and lifestyle",92.36,5,2019-03-20,19:17:00,Ewallet,4.9,0.33,2019,3,20
214,WALM093,Angleton,"Sports and travel",46.42,3,2019-01-04,13:24:00,"Credit card",4.4,0.33,2019,1,4
215,WALM065,"Texas City","Sports and travel",29.61,7,2019-03-11,15:53:00,Cash,6.5,0.33,2019,3,11
216,WALM072,Lancaster,"Home and lifestyle",18.28,1,2019-03-22,15:05:00,"Credit card",8.3,0.33,2019,3,22
217,WALM038,"Sugar Land","Sports and travel",24.77,5,2019-03-24,18:27:00,Cash,8.5,0.48,2019,3,24
218,WALM081,Friendswood,"Electronic accessories",94.64,3,2019-02-21,16:55:00,Cash,5.5,0.33,2019,2,21
219,WALM043,Baytown,"Fashion accessories",94.87,8,2019-02-12,12:58:00,Ewallet,8.7,0.48,2019,2,12
220,WALM044,Pharr,"Food and beverages",57.34,3,2019-03-10,18:59:00,"Credit card",7.9,0.48,2019,3,10
221,WALM002,Dallas,"Electronic accessories",45.35,6,2019-01-31,13:44:00,Ewallet,6.1,0.36,2019,1,31
222,WALM056,Rowlett,"Food and beverages",62.08,7,2019-03-06,13:46:00,Ewallet,5.4,0.33,2019,3,6
223,WALM020,Killeen,"Electronic accessories",11.81,5,2019-02-17,18:06:00,Cash,9.4,0.48,2019,2,17
224,WALM026,Denton,"Fashion accessories",12.54,1,2019-02-21,12:38:00,Cash,8.2,0.48,2019,2,21
225,WALM003,"San Antonio","Food and beverages",43.25,2,2019-03-20,15:56:00,Cash,6.2,0.48,2019,3,20
226,WALM067,"Haltom City","Sports and travel",87.16,2,2019-01-11,14:29:00,"Credit card",9.7,0.33,2019,1,11
227,WALM059,Pflugerville,"Health and beauty",69.37,9,2019-01-26,19:14:00,Ewallet,4,0.33,2019,1,26
228,WALM068,Burleson,"Electronic accessories",37.06,4,2019-01-31,16:24:00,Ewallet,9.7,0.33,2019,1,31
229,WALM049,"North Richland Hills","Electronic accessories",90.7,6,2019-02-26,10:52:00,Cash,5.3,0.48,2019,2,26
230,WALM087,Waxahachie,"Home and lifestyle",63.42,8,2019-03-11,12:55:00,Ewallet,7.4,0.33,2019,3,11
231,WALM007,Arlington,"Fashion accessories",81.37,2,2019-01-26,19:28:00,Cash,6.5,0.48,2019,1,26
232,WALM024,Carrollton,"Electronic accessories",10.59,3,2019-03-12,13:52:00,"Credit card",8.7,0.48,2019,3,12
233,WALM059,Pflugerville,"Health and beauty",84.09,9,2019-02-11,10:54:00,Cash,8,0.33,2019,2,11
234,WALM045,"Missouri City","Fashion accessories",73.82,4,2019-02-21,18:31:00,"Credit card",6.7,0.48,2019,2,21
235,WALM069,Rockwall,"Health and beauty",51.94,10,2019-03-09,18:24:00,Ewallet,6.5,0.33,2019,3,9
236,WALM084,Schertz,"Sports and travel",93.14,2,2019-01-20,18:09:00,Ewallet,4.1,0.33,2019,1,20
237,WALM068,Burleson,"Health and beauty",17.41,5,2019-01-28,15:16:00,"Credit card",4.9,0.33,2019,1,28
238,WALM023,Midland,"Fashion accessories",44.22,5,2019-03-05,17:07:00,"Credit card",8.6,0.48,2019,3,5
239,WALM040,Edinburg,"Electronic accessories",13.22,5,2019-03-02,19:26:00,Cash,4.3,0.48,2019,3,2
240,WALM085,Kerrville,"Fashion accessories",89.69,1,2019-01-11,11:20:00,Ewallet,4.9,0.33,2019,1,11
241,WALM009,Plano,"Food and beverages",24.94,9,2019-01-11,16:49:00,"Credit card",5.6,0.48,2019,1,11
242,WALM100,Canyon,"Health and beauty",59.77,2,2019-03-11,12:01:00,"Credit card",5.8,0.18,2019,3,11
243,WALM077,Coppell,"Fashion accessories",93.2,2,2019-02-28,18:37:00,"Credit card",6,0.33,2019,2,28
244,WALM034,"College Station","Home and lifestyle",62.65,4,2019-01-05,11:25:00,Cash,4.2,0.48,2019,1,5
245,WALM070,Hurst,"Home and lifestyle",93.87,8,2019-02-02,18:42:00,"Credit card",8.3,0.33,2019,2,2
246,WALM021,McAllen,"Home and lifestyle",47.59,8,2019-01-01,14:47:00,Cash,5.7,0.48,2019,1,1
247,WALM044,Pharr,"Electronic accessories",81.4,3,2019-02-09,19:43:00,Cash,4.8,0.48,2019,2,9
248,WALM055,Waxahachie,"Fashion accessories",17.94,5,2019-01-23,14:04:00,Ewallet,6.8,0.33,2019,1,23
249,WALM019,Pasadena,"Electronic accessories",77.72,4,2019-01-07,16:11:00,"Credit card",8.8,0.48,2019,1,7
250,WALM026,Denton,"Food and beverages",73.06,7,2019-01-14,19:06:00,"Credit card",4.2,0.48,2019,1,14
251,WALM033,Pearland,"Food and beverages",46.55,9,2019-02-02,15:34:00,Ewallet,6.4,0.48,2019,2,2
252,WALM078,"Del Rio","Fashion accessories",35.19,10,2019-03-17,19:06:00,"Credit card",8.4,0.33,2019,3,17
253,WALM066,Grapevine,"Sports and travel",14.39,2,2019-03-02,19:44:00,"Credit card",7.2,0.33,2019,3,2
254,WALM011,Lubbock,"Home and lifestyle",23.75,4,2019-03-16,11:22:00,Cash,5.2,0.48,2019,3,16
255,WALM016,Brownsville,"Home and lifestyle",58.9,8,2019-01-06,11:23:00,Cash,8.9,0.48,2019,1,6
256,WALM048,Harlingen,"Fashion accessories",32.62,4,2019-01-29,14:12:00,Cash,9,0.48,2019,1,29
257,WALM067,"Haltom City","Electronic accessories",66.35,1,2019-01-31,10:46:00,"Credit card",9.7,0.33,2019,1,31
258,WALM049,"North Richland Hills","Home and lifestyle",25.91,6,2019-02-05,10:16:00,Ewallet,8.7,0.48,2019,2,5
259,WALM029,"Round Rock","Electronic accessories",32.25,4,2019-02-13,12:38:00,Ewallet,6.5,0.48,2019,2,13
260,WALM100,Canyon,"Electronic accessories",65.94,4,2019-02-07,13:05:00,"Credit card",6.9,0.18,2019,2,7
261,WALM074,Weslaco,"Electronic accessories",75.06,9,2019-03-19,13:25:00,Cash,6.2,0.33,2019,3,19
262,WALM019,Pasadena,"Fashion accessories",16.45,4,2019-03-07,14:53:00,Ewallet,5.6,0.48,2019,3,7
263,WALM022,Mesquite,"Fashion accessories",38.3,4,2019-03-13,19:22:00,Cash,5.7,0.48,2019,3,13
264,WALM099,Weatherford,"Sports and travel",22.24,10,2019-02-09,11:00:00,Cash,4.2,0.18,2019,2,9
265,WALM095,"Big Spring","Sports and travel",54.45,1,2019-02-26,19:24:00,Ewallet,7.9,0.33,2019,2,26
266,WALM075,"San Marcos","Sports and travel",98.4,7,2019-03-12,12:43:00,"Credit card",8.7,0.33,2019,3,12
267,WALM072,Lancaster,"Home and lifestyle",35.47,4,2019-03-14,17:22:00,"Credit card",6.9,0.33,2019,3,14
268,WALM081,Friendswood,"Food and beverages",74.6,10,2019-01-08,20:55:00,Cash,9.5,0.33,2019,1,8
269,WALM001,Houston,"Home and lifestyle",70.74,4,2019-01-05,16:05:00,"Credit card",4.4,0.36,2019,1,5
270,WALM001,Houston,"Home and lifestyle",35.54,10,2019-01-04,13:34:00,Ewallet,7,0.36,2019,1,4
271,WALM069,Rockwall,"Sports and travel",67.43,5,2019-03-06,18:13:00,Ewallet,6.3,0.33,2019,3,6
272,WALM027,Abilene,"Health and beauty",21.12,2,2019-01-03,19:17:00,Cash,9.7,0.48,2019,1,3
273,WALM094,Alamo,"Home and lifestyle",21.54,9,2019-01-07,11:44:00,"Credit card",8.8,0.33,2019,1,7
274,WALM025,Waco,"Home and lifestyle",12.03,2,2019-01-27,15:51:00,Cash,5.1,0.48,2019,1,27
275,WALM042,Bryan,"Health and beauty",99.71,6,2019-02-26,16:52:00,Ewallet,7.9,0.48,2019,2,26
276,WALM056,Rowlett,"Fashion accessories",47.97,7,2019-01-07,20:52:00,Cash,6.2,0.33,2019,1,7
277,WALM027,Abilene,"Home and lifestyle",21.82,10,2019-01-07,17:36:00,Cash,7.1,0.48,2019,1,7
278,WALM046,Temple,"Fashion accessories",95.42,4,2019-02-02,13:23:00,Ewallet,6.4,0.48,2019,2,2
279,WALM091,"Little Elm","Fashion accessories",70.99,10,2019-03-20,16:28:00,Cash,5.7,0.33,2019,3,20
280,WALM051,"New Braunfels","Sports and travel",44.02,10,2019-03-20,19:57:00,"Credit card",9.6,0.48,2019,3,20
281,WALM073,Seguin,"Home and lifestyle",69.96,8,2019-02-15,17:01:00,"Credit card",6.4,0.33,2019,2,15
282,WALM036,Allen,"Home and lifestyle",37,1,2019-03-06,13:29:00,"Credit card",7.9,0.48,2019,3,6
283,WALM097,Alice,"Sports and travel",15.34,1,2019-01-06,11:09:00,Cash,6.5,0.18,2019,1,6
284,WALM030,Richardson,"Health and beauty",99.83,6,2019-03-04,15:02:00,Ewallet,8.5,0.48,2019,3,4
285,WALM079,"La Porte","Health and beauty",47.67,4,2019-03-12,14:21:00,Cash,9.1,0.33,2019,3,12
286,WALM052,Mansfield,"Health and beauty",66.68,5,2019-02-20,18:01:00,Cash,7.6,0.57,2019,2,20
287,WALM010,Laredo,"Home and lifestyle",74.86,1,2019-03-24,14:49:00,Cash,6.9,0.48,2019,3,24
288,WALM079,"La Porte","Sports and travel",23.75,9,2019-01-31,12:02:00,Cash,9.5,0.33,2019,1,31
289,WALM094,Alamo,"Food and beverages",48.51,7,2019-01-25,13:30:00,"Credit card",5.2,0.33,2019,1,25
290,WALM074,Weslaco,"Home and lifestyle",94.88,7,2019-02-03,14:38:00,Cash,4.2,0.33,2019,2,3
291,WALM017,McKinney,"Electronic accessories",40.3,10,2019-01-24,17:37:00,"Credit card",7,0.48,2019,1,24
292,WALM040,Edinburg,"Electronic accessories",27.85,7,2019-03-14,17:20:00,Ewallet,6,0.48,2019,3,14
293,WALM007,Arlington,"Electronic accessories",62.48,1,2019-02-18,20:29:00,Cash,4.7,0.48,2019,2,18
294,WALM015,"Grand Prairie","Food and beverages",36.36,2,2019-01-21,10:00:00,Cash,7.1,0.48,2019,1,21
295,WALM023,Midland,"Health and beauty",18.11,10,2019-03-13,11:46:00,Ewallet,5.9,0.48,2019,3,13
296,WALM014,Amarillo,"Electronic accessories",51.92,5,2019-03-03,13:42:00,Cash,7.5,0.48,2019,3,3
297,WALM036,Allen,"Electronic accessories",28.84,4,2019-03-29,14:44:00,Cash,6.4,0.48,2019,3,29
298,WALM085,Kerrville,"Home and lifestyle",78.38,6,2019-01-10,14:16:00,Ewallet,5.8,0.33,2019,1,10
299,WALM095,"Big Spring","Home and lifestyle",60.01,4,2019-01-25,15:54:00,Cash,4.5,0.33,2019,1,25
300,WALM017,McKinney,"Home and lifestyle",88.61,1,2019-01-19,10:21:00,Cash,7.7,0.48,2019,1,19
301,WALM100,Canyon,"Fashion accessories",99.82,2,2019-01-02,18:09:00,"Credit card",6.7,0.18,2019,1,2
302,WALM048,Harlingen,"Health and beauty",39.01,1,2019-03-12,16:46:00,"Credit card",4.7,0.48,2019,3,12
303,WALM031,Lewisville,"Food and beverages",48.61,1,2019-02-25,15:31:00,Cash,4.4,0.48,2019,2,25
304,WALM026,Denton,"Electronic accessories",51.19,4,2019-03-18,17:15:00,"Credit card",4.7,0.48,2019,3,18
305,WALM045,"Missouri City","Electronic accessories",14.96,8,2019-02-23,12:29:00,"Credit card",8.6,0.48,2019,2,23
306,WALM053,Conroe,"Electronic accessories",72.2,7,2019-03-26,20:14:00,Ewallet,4.3,0.21,2019,3,26
307,WALM088,Cleburne,"Sports and travel",40.23,7,2019-03-30,13:22:00,Cash,9.6,0.33,2019,3,30
308,WALM066,Grapevine,"Home and lifestyle",88.79,8,2019-02-17,17:09:00,Cash,4.1,0.33,2019,2,17
309,WALM033,Pearland,"Electronic accessories",26.48,3,2019-03-21,10:40:00,Ewallet,4.7,0.48,2019,3,21
310,WALM012,Garland,"Fashion accessories",81.91,2,2019-03-05,17:43:00,Cash,7.8,0.48,2019,3,5
311,WALM036,Allen,"Sports and travel",79.93,6,2019-01-31,14:04:00,Cash,5.5,0.48,2019,1,31
312,WALM076,Huntsville,"Fashion accessories",69.33,2,2019-02-05,19:05:00,Ewallet,9.7,0.33,2019,2,5
313,WALM012,Garland,"Food and beverages",14.23,5,2019-02-01,10:08:00,"Credit card",4.4,0.48,2019,2,1
314,WALM026,Denton,"Health and beauty",15.55,9,2019-03-07,13:12:00,Cash,5,0.48,2019,3,7
315,WALM075,"San Marcos","Electronic accessories",78.13,10,2019-02-10,20:51:00,Cash,4.4,0.33,2019,2,10
316,WALM030,Richardson,"Food and beverages",99.37,2,2019-02-14,17:29:00,Cash,5.2,0.48,2019,2,14
317,WALM012,Garland,"Food and beverages",21.08,3,2019-02-09,10:25:00,Cash,7.3,0.48,2019,2,9
318,WALM091,"Little Elm","Electronic accessories",74.79,5,2019-01-10,11:34:00,Cash,4.9,0.33,2019,1,10
319,WALM048,Harlingen,"Health and beauty",29.67,7,2019-03-11,18:58:00,"Credit card",8.1,0.48,2019,3,11
320,WALM059,Pflugerville,"Health and beauty",44.07,4,2019-02-18,16:28:00,Ewallet,8.4,0.33,2019,2,18
321,WALM065,"Texas City","Food and beverages",22.93,9,2019-02-26,20:26:00,Cash,5.5,0.33,2019,2,26
322,WALM016,Brownsville,"Health and beauty",39.42,1,2019-01-18,15:08:00,Cash,8.4,0.48,2019,1,18
323,WALM037,"League City","Health and beauty",15.26,6,2019-02-15,18:03:00,Ewallet,9.8,0.48,2019,2,15
324,WALM010,Laredo,"Fashion accessories",61.77,5,2019-03-08,13:21:00,Cash,6.7,0.48,2019,3,8
325,WALM086,Rosenberg,"Home and lifestyle",21.52,6,2019-01-17,12:48:00,"Credit card",9.4,0.33,2019,1,17
326,WALM088,Cleburne,"Sports and travel",97.74,4,2019-03-12,19:53:00,Ewallet,6.4,0.33,2019,3,12
327,WALM069,Rockwall,"Food and beverages",99.78,5,2019-03-09,19:09:00,Cash,5.4,0.33,2019,3,9
328,WALM057,Euless,"Food and beverages",94.26,4,2019-03-12,16:30:00,Cash,8.6,0.33,2019,3,12
329,WALM052,Mansfield,"Health and beauty",51.13,4,2019-01-25,10:11:00,"Credit card",4,0.57,2019,1,25
330,WALM063,Georgetown,"Electronic accessories",36.36,4,2019-03-25,13:07:00,Cash,7.6,0.33,2019,3,25
331,WALM071,Lufkin,"Home and lifestyle",22.02,9,2019-02-07,18:48:00,Cash,6.8,0.33,2019,2,7
332,WALM076,Huntsville,"Food and beverages",32.9,3,2019-02-17,17:27:00,"Credit card",9.1,0.33,2019,2,17
333,WALM070,Hurst,"Fashion accessories",77.02,5,2019-02-03,15:59:00,Cash,5.5,0.33,2019,2,3
334,WALM034,"College Station","Food and beverages",23.48,2,2019-03-14,11:21:00,"Credit card",7.9,0.48,2019,3,14
335,WALM089,Southlake,"Sports and travel",14.7,5,2019-03-24,13:48:00,Ewallet,8.5,0.33,2019,3,24
336,WALM032,Tyler,"Electronic accessories",28.45,5,2019-03-21,10:17:00,"Credit card",9.1,0.48,2019,3,21
337,WALM024,Carrollton,"Fashion accessories",76.4,9,2019-03-19,15:49:00,Ewallet,7.5,0.48,2019,3,19
338,WALM100,Canyon,"Sports and travel",57.95,6,2019-02-24,13:02:00,Cash,5.2,0.18,2019,2,24
339,WALM016,Brownsville,"Electronic accessories",47.65,3,2019-03-28,12:58:00,"Credit card",9.5,0.48,2019,3,28
340,WALM051,"New Braunfels","Food and beverages",42.82,9,2019-02-05,15:26:00,"Credit card",8.9,0.48,2019,2,5
341,WALM014,Amarillo,"Electronic accessories",48.09,3,2019-02-10,18:23:00,"Credit card",7.8,0.48,2019,2,10
342,WALM030,Richardson,"Health and beauty",55.97,7,2019-03-05,19:06:00,Ewallet,8.9,0.48,2019,3,5
343,WALM037,"League City","Health and beauty",76.9,7,2019-02-15,20:21:00,Cash,7.7,0.48,2019,2,15
344,WALM045,"Missouri City","Food and beverages",97.03,5,2019-01-30,16:24:00,"Credit card",9.3,0.48,2019,1,30
345,WALM007,Arlington,"Sports and travel",44.65,3,2019-02-14,15:04:00,Cash,6.2,0.48,2019,2,14
346,WALM057,Euless,"Fashion accessories",77.93,9,2019-02-27,16:10:00,Ewallet,7.6,0.33,2019,2,27
347,WALM096,"Eagle Pass","Electronic accessories",71.95,1,2019-02-04,12:14:00,Cash,7.3,0.18,2019,2,4
348,WALM066,Grapevine,"Home and lifestyle",89.25,8,2019-01-20,10:13:00,Cash,4.7,0.33,2019,1,20
349,WALM095,"Big Spring","Electronic accessories",26.02,7,2019-03-28,17:38:00,Cash,5.1,0.33,2019,3,28
350,WALM087,Waxahachie,"Health and beauty",13.5,10,2019-02-27,11:06:00,"Credit card",4.8,0.33,2019,2,27
351,WALM017,McKinney,"Fashion accessories",99.3,10,2019-02-15,14:53:00,"Credit card",6.6,0.48,2019,2,15
352,WALM029,"Round Rock","Electronic accessories",51.69,7,2019-01-26,18:22:00,Cash,5.5,0.48,2019,1,26
353,WALM098,"Mineral Wells","Fashion accessories",54.73,7,2019-03-14,19:02:00,"Credit card",8.5,0.18,2019,3,14
354,WALM019,Pasadena,"Home and lifestyle",27,9,2019-03-02,14:16:00,Cash,4.8,0.48,2019,3,2
355,WALM082,Weslaco,"Electronic accessories",30.24,1,2019-03-04,15:44:00,Cash,8.4,0.33,2019,3,4
356,WALM090,Brownwood,"Food and beverages",89.14,4,2019-01-07,12:20:00,"Credit card",7.8,0.33,2019,1,7
357,WALM028,Odessa,"Fashion accessories",37.55,10,2019-03-08,20:01:00,"Credit card",9.3,0.48,2019,3,8
358,WALM017,McKinney,"Sports and travel",95.44,10,2019-01-09,13:45:00,Cash,5.2,0.48,2019,1,9
359,WALM070,Hurst,"Electronic accessories",27.5,3,2019-03-01,15:40:00,Ewallet,6.5,0.33,2019,3,1
360,WALM081,Friendswood,"Sports and travel",74.97,1,2019-03-16,16:58:00,Cash,5.6,0.33,2019,3,16
361,WALM010,Laredo,"Food and beverages",80.96,8,2019-02-17,11:12:00,"Credit card",7.4,0.48,2019,2,17
362,WALM070,Hurst,"Food and beverages",94.47,8,2019-02-27,15:12:00,Cash,9.1,0.33,2019,2,27
363,WALM002,Dallas,"Food and beverages",99.79,2,2019-03-07,20:37:00,Ewallet,8,0.36,2019,3,7
364,WALM089,Southlake,"Home and lifestyle",73.22,6,2019-01-21,17:44:00,Cash,7.2,0.33,2019,1,21
365,WALM037,"League City","Food and beverages",41.24,4,2019-02-19,16:23:00,Cash,7.1,0.48,2019,2,19
366,WALM079,"La Porte","Fashion accessories",81.68,4,2019-01-06,12:12:00,Cash,9.1,0.33,2019,1,6
367,WALM072,Lancaster,"Electronic accessories",51.32,9,2019-03-14,19:33:00,Cash,5.6,0.33,2019,3,14
368,WALM048,Harlingen,"Home and lifestyle",65.94,4,2019-03-24,10:29:00,Cash,6,0.48,2019,3,24
369,WALM026,Denton,"Sports and travel",14.36,10,2019-01-27,14:28:00,Cash,5.4,0.48,2019,1,27
370,WALM018,Frisco,"Electronic accessories",21.5,9,2019-03-06,12:46:00,"Credit card",7.8,0.48,2019,3,6
371,WALM005,"Fort Worth","Electronic accessories",26.26,7,2019-02-02,19:40:00,Cash,9.9,0.48,2019,2,2
372,WALM071,Lufkin,"Fashion accessories",60.96,2,2019-01-25,19:39:00,"Credit card",4.9,0.33,2019,1,25
373,WALM086,Rosenberg,"Home and lifestyle",70.11,6,2019-03-14,17:54:00,Ewallet,5.2,0.33,2019,3,14
374,WALM014,Amarillo,"Fashion accessories",42.08,6,2019-01-29,12:25:00,Cash,8.9,0.48,2019,1,29
375,WALM020,Killeen,"Home and lifestyle",67.09,5,2019-01-03,16:47:00,"Credit card",9.1,0.48,2019,1,3
376,WALM009,Plano,"Fashion accessories",96.7,5,2019-01-14,12:52:00,Ewallet,7,0.48,2019,1,14
377,WALM096,"Eagle Pass","Home and lifestyle",35.38,9,2019-01-05,19:50:00,"Credit card",9.6,0.33,2019,1,5
378,WALM037,"League City","Sports and travel",95.49,7,2019-02-22,18:17:00,Ewallet,8.7,0.48,2019,2,22
379,WALM009,Plano,"Fashion accessories",96.98,4,2019-02-06,17:20:00,Ewallet,9.4,0.48,2019,2,6
380,WALM045,"Missouri City","Electronic accessories",23.65,4,2019-01-30,13:32:00,"Credit card",4,0.48,2019,1,30
381,WALM047,"Flower Mound","Sports and travel",82.33,4,2019-01-11,10:37:00,"Credit card",7.5,0.48,2019,1,11
382,WALM008,"Corpus Christi","Electronic accessories",26.61,2,2019-03-19,14:35:00,Cash,4.2,0.48,2019,3,19
383,WALM061,"Cedar Park","Food and beverages",99.69,5,2019-01-14,12:09:00,Cash,9.9,0.33,2019,1,14
384,WALM091,"Little Elm","Food and beverages",74.89,4,2019-03-01,15:32:00,Ewallet,4.2,0.33,2019,3,1
385,WALM039,Longview,"Food and beverages",40.94,5,2019-01-06,13:58:00,Ewallet,9.9,0.48,2019,1,6
386,WALM084,Schertz,"Sports and travel",75.82,1,2019-01-31,13:19:00,Cash,5.8,0.33,2019,1,31
387,WALM006,"El Paso","Food and beverages",46.77,6,2019-03-11,13:37:00,Cash,6,0.48,2019,3,11
388,WALM034,"College Station","Health and beauty",32.32,10,2019-02-20,16:49:00,"Credit card",10,0.48,2019,2,20
389,WALM074,Weslaco,"Fashion accessories",54.07,9,2019-01-27,14:55:00,Cash,9.5,0.33,2019,1,27
390,WALM066,Grapevine,"Food and beverages",18.22,7,2019-03-10,14:04:00,"Credit card",6.6,0.33,2019,3,10
391,WALM021,McAllen,"Fashion accessories",80.48,3,2019-02-15,12:31:00,Cash,8.1,0.48,2019,2,15
392,WALM002,Dallas,"Fashion accessories",37.95,10,2019-01-26,14:51:00,Cash,9.7,0.36,2019,1,26
393,WALM020,Killeen,"Electronic accessories",76.82,1,2019-02-13,18:27:00,Ewallet,7.2,0.48,2019,2,13
394,WALM099,Weatherford,"Sports and travel",52.26,10,2019-03-09,12:45:00,"Credit card",6.2,0.18,2019,3,9
395,WALM045,"Missouri City","Health and beauty",79.74,1,2019-03-06,10:36:00,"Credit card",7.3,0.48,2019,3,6
396,WALM062,Galveston,"Health and beauty",77.5,5,2019-01-24,20:36:00,Ewallet,4.3,0.33,2019,1,24
397,WALM075,"San Marcos","Food and beverages",54.27,5,2019-03-13,14:16:00,Ewallet,4.6,0.33,2019,3,13
398,WALM092,"Lake Jackson","Home and lifestyle",13.59,9,2019-03-15,10:26:00,Cash,5.8,0.33,2019,3,15
399,WALM017,McKinney,"Health and beauty",41.06,6,2019-03-05,13:30:00,"Credit card",8.3,0.48,2019,3,5
400,WALM016,Brownsville,"Electronic accessories",19.24,9,2019-03-04,16:28:00,Cash,8,0.48,2019,3,4
401,WALM081,Friendswood,"Food and beverages",39.43,6,2019-03-25,20:18:00,"Credit card",9.4,0.33,2019,3,25
402,WALM084,Schertz,"Home and lifestyle",46.22,4,2019-03-12,20:04:00,"Credit card",6.2,0.33,2019,3,12
403,WALM030,Richardson,"Home and lifestyle",13.98,1,2019-02-04,13:38:00,Ewallet,9.8,0.48,2019,2,4
404,WALM010,Laredo,"Fashion accessories",39.75,5,2019-02-22,10:43:00,Ewallet,9.6,0.48,2019,2,22
405,WALM027,Abilene,"Fashion accessories",97.79,7,2019-02-16,17:30:00,Ewallet,4.9,0.48,2019,2,16
406,WALM095,"Big Spring","Sports and travel",67.26,4,2019-01-19,15:28:00,"Credit card",8,0.33,2019,1,19
407,WALM009,Plano,"Food and beverages",13.79,5,2019-01-11,19:07:00,"Credit card",7.8,0.48,2019,1,11
408,WALM051,"New Braunfels","Fashion accessories",68.71,4,2019-01-04,19:01:00,Cash,4.1,0.48,2019,1,4
409,WALM004,Austin,"Home and lifestyle",56.53,4,2019-03-04,19:48:00,Ewallet,5.5,0.48,2019,3,4
410,WALM047,"Flower Mound","Fashion accessories",23.82,5,2019-01-28,19:24:00,Ewallet,5.4,0.48,2019,1,28
411,WALM011,Lubbock,"Health and beauty",34.21,10,2019-01-02,13:00:00,Cash,5.1,0.48,2019,1,2
412,WALM094,Alamo,"Sports and travel",21.87,2,2019-01-25,14:29:00,Ewallet,6.9,0.33,2019,1,25
413,WALM005,"Fort Worth","Health and beauty",20.97,5,2019-01-04,13:21:00,Cash,7.8,0.48,2019,1,4
414,WALM061,"Cedar Park","Sports and travel",25.84,3,2019-03-10,18:55:00,Ewallet,6.6,0.33,2019,3,10
415,WALM074,Weslaco,"Home and lifestyle",50.93,8,2019-03-22,19:36:00,Cash,9.2,0.33,2019,3,22
416,WALM025,Waco,"Health and beauty",96.11,1,2019-01-25,16:28:00,Ewallet,7.8,0.48,2019,1,25
417,WALM035,"San Angelo","Home and lifestyle",45.38,4,2019-01-08,13:48:00,"Credit card",8.7,0.48,2019,1,8
418,WALM053,Conroe,"Health and beauty",81.51,1,2019-01-22,10:57:00,Ewallet,9.2,0.57,2019,1,22
419,WALM062,Galveston,"Health and beauty",57.22,2,2019-01-12,17:13:00,Ewallet,8.3,0.33,2019,1,12
420,WALM098,"Mineral Wells","Electronic accessories",25.22,7,2019-02-04,10:23:00,Cash,8.2,0.18,2019,2,4
421,WALM055,Waxahachie,"Food and beverages",38.6,3,2019-03-28,13:57:00,Ewallet,7.5,0.33,2019,3,28
422,WALM046,Temple,"Electronic accessories",84.05,3,2019-01-23,13:29:00,Cash,9.8,0.48,2019,1,23
423,WALM022,Mesquite,"Fashion accessories",97.21,10,2019-02-08,13:00:00,"Credit card",8.7,0.48,2019,2,8
424,WALM032,Tyler,"Fashion accessories",25.42,8,2019-03-19,19:42:00,"Credit card",6.7,0.48,2019,3,19
425,WALM022,Mesquite,"Fashion accessories",16.28,1,2019-03-09,15:36:00,Cash,5,0.48,2019,3,9
426,WALM048,Harlingen,"Fashion accessories",40.61,9,2019-01-02,13:40:00,Cash,7,0.48,2019,1,2
427,WALM100,Canyon,"Health and beauty",53.17,7,2019-01-21,18:01:00,Cash,8.9,0.18,2019,1,21
428,WALM039,Longview,"Food and beverages",20.87,3,2019-03-20,13:53:00,"Credit card",8,0.48,2019,3,20
429,WALM095,"Big Spring","Sports and travel",67.27,5,2019-02-27,17:27:00,Cash,6.9,0.33,2019,2,27
430,WALM003,"San Antonio","Home and lifestyle",90.65,10,2019-03-08,10:53:00,Ewallet,7.3,0.36,2019,3,8
431,WALM084,Schertz,"Fashion accessories",69.08,2,2019-01-31,19:48:00,"Credit card",6.9,0.33,2019,1,31
432,WALM010,Laredo,"Food and beverages",43.27,2,2019-03-08,16:53:00,Ewallet,5.7,0.48,2019,3,8
433,WALM062,Galveston,"Electronic accessories",23.46,6,2019-01-13,19:14:00,Ewallet,6.4,0.33,2019,1,13
434,WALM030,Richardson,"Fashion accessories",95.54,7,2019-03-09,14:36:00,"Credit card",9.6,0.48,2019,3,9
435,WALM075,"San Marcos","Fashion accessories",47.44,1,2019-02-22,18:19:00,"Credit card",6.8,0.33,2019,2,22
436,WALM044,Pharr,"Sports and travel",99.24,9,2019-03-19,19:09:00,Ewallet,9,0.48,2019,3,19
437,WALM009,Plano,"Sports and travel",82.93,4,2019-01-20,16:51:00,Ewallet,9.6,0.48,2019,1,20
438,WALM095,"Big Spring","Home and lifestyle",33.99,6,2019-03-08,15:37:00,"Credit card",7.7,0.33,2019,3,8
439,WALM090,Brownwood,"Food and beverages",17.04,4,2019-03-08,20:15:00,Ewallet,7,0.33,2019,3,8
440,WALM037,"League City","Electronic accessories",40.86,8,2019-02-07,14:38:00,"Credit card",6.5,0.48,2019,2,7
441,WALM097,Alice,"Food and beverages",17.44,5,2019-01-15,19:25:00,Cash,8.1,0.18,2019,1,15
442,WALM001,Houston,"Sports and travel",88.43,8,2019-03-22,19:35:00,"Credit card",4.3,0.36,2019,3,22
443,WALM029,"Round Rock","Home and lifestyle",89.21,9,2019-01-15,15:42:00,"Credit card",6.5,0.48,2019,1,15
444,WALM050,Victoria,"Fashion accessories",12.78,1,2019-01-08,14:11:00,Ewallet,9.5,0.48,2019,1,8
445,WALM069,Rockwall,"Sports and travel",19.1,7,2019-01-15,10:43:00,Cash,9.7,0.33,2019,1,15
446,WALM011,Lubbock,"Health and beauty",19.15,1,2019-01-28,17:58:00,"Credit card",9.5,0.48,2019,1,28
447,WALM027,Abilene,"Food and beverages",27.66,10,2019-02-14,11:26:00,"Credit card",8.9,0.48,2019,2,14
448,WALM028,Odessa,"Fashion accessories",45.74,3,2019-03-10,17:38:00,"Credit card",6.5,0.48,2019,3,10
449,WALM063,Georgetown,"Health and beauty",27.07,1,2019-01-12,20:07:00,"Credit card",5.3,0.33,2019,1,12
450,WALM077,Coppell,"Sports and travel",39.12,1,2019-03-26,11:02:00,"Credit card",9.6,0.33,2019,3,26
451,WALM099,Weatherford,"Electronic accessories",74.71,6,2019-01-01,19:07:00,Cash,6.7,0.18,2019,1,1
452,WALM077,Coppell,"Electronic accessories",22.01,6,2019-01-02,18:50:00,Cash,7.6,0.33,2019,1,2
453,WALM068,Burleson,"Food and beverages",63.61,5,2019-03-16,12:43:00,Ewallet,4.8,0.33,2019,3,16
454,WALM069,Rockwall,"Health and beauty",25,1,2019-03-03,15:09:00,Ewallet,5.5,0.33,2019,3,3
455,WALM028,Odessa,"Electronic accessories",20.77,4,2019-01-31,13:47:00,Cash,4.7,0.48,2019,1,31
456,WALM010,Laredo,"Fashion accessories",29.56,5,2019-02-13,16:59:00,Cash,6.9,0.48,2019,2,13
457,WALM080,Nacogdoches,"Food and beverages",77.4,9,2019-02-15,14:15:00,"Credit card",4.5,0.33,2019,2,15
458,WALM005,"Fort Worth","Electronic accessories",79.39,10,2019-02-07,20:24:00,Cash,6.2,0.48,2019,2,7
459,WALM091,"Little Elm","Electronic accessories",46.57,10,2019-01-27,13:58:00,Cash,7.6,0.33,2019,1,27
460,WALM074,Weslaco,"Food and beverages",35.89,1,2019-02-23,16:52:00,Cash,7.9,0.33,2019,2,23
461,WALM064,Bedford,"Food and beverages",40.52,5,2019-02-03,15:19:00,Cash,4.5,0.33,2019,2,3
462,WALM086,Rosenberg,"Food and beverages",73.05,10,2019-03-03,12:25:00,"Credit card",8.7,0.33,2019,3,3
463,WALM026,Denton,"Sports and travel",73.95,4,2019-02-03,10:02:00,Cash,6.1,0.48,2019,2,3
464,WALM057,Euless,"Food and beverages",22.62,1,2019-03-17,18:58:00,Cash,6.4,0.33,2019,3,17
465,WALM042,Bryan,"Food and beverages",51.34,5,2019-03-28,15:31:00,"Credit card",9.1,0.48,2019,3,28
466,WALM095,"Big Spring","Sports and travel",54.55,10,2019-03-02,11:22:00,"Credit card",7.1,0.33,2019,3,2
467,WALM094,Alamo,"Health and beauty",37.15,7,2019-02-08,13:12:00,"Credit card",7.7,0.33,2019,2,8
468,WALM047,"Flower Mound","Sports and travel",37.02,6,2019-03-22,18:33:00,Cash,4.5,0.48,2019,3,22
469,WALM071,Lufkin,"Food and beverages",21.58,1,2019-02-09,10:02:00,Ewallet,7.2,0.33,2019,2,9
470,WALM071,Lufkin,"Electronic accessories",98.84,1,2019-02-15,11:21:00,Cash,8.4,0.33,2019,2,15
471,WALM016,Brownsville,"Home and lifestyle",83.77,6,2019-01-23,12:10:00,Ewallet,5.4,0.48,2019,1,23
472,WALM093,Angleton,"Sports and travel",40.05,4,2019-01-25,11:40:00,Cash,9.7,0.33,2019,1,25
473,WALM076,Huntsville,"Fashion accessories",43.13,10,2019-02-02,18:31:00,"Credit card",5.5,0.33,2019,2,2
474,WALM088,Cleburne,"Health and beauty",72.57,8,2019-03-30,17:58:00,Cash,4.6,0.33,2019,3,30
475,WALM003,"San Antonio","Electronic accessories",64.44,5,2019-03-30,17:04:00,Cash,6.6,0.48,2019,3,30
476,WALM010,Laredo,"Health and beauty",65.18,3,2019-02-25,20:35:00,"Credit card",6.3,0.48,2019,2,25
477,WALM059,Pflugerville,"Sports and travel",33.26,5,2019-03-18,16:10:00,"Credit card",4.2,0.33,2019,3,18
478,WALM020,Killeen,"Electronic accessories",84.07,4,2019-03-07,16:54:00,Ewallet,4.4,0.48,2019,3,7
479,WALM059,Pflugerville,"Sports and travel",34.37,10,2019-03-16,10:11:00,Ewallet,6.7,0.33,2019,3,16
480,WALM057,Euless,"Electronic accessories",38.6,1,2019-01-29,11:26:00,Ewallet,6.7,0.33,2019,1,29
481,WALM078,"Del Rio","Food and beverages",65.97,8,2019-02-02,20:29:00,Cash,8.4,0.33,2019,2,2
482,WALM066,Grapevine,"Electronic accessories",32.8,10,2019-02-15,12:12:00,Cash,6.2,0.33,2019,2,15
483,WALM094,Alamo,"Sports and travel",37.14,5,2019-01-08,13:05:00,Ewallet,5,0.33,2019,1,8
484,WALM080,Nacogdoches,"Home and lifestyle",60.38,10,2019-02-12,16:19:00,Cash,6,0.33,2019,2,12
485,WALM003,"San Antonio","Sports and travel",36.98,10,2019-01-01,19:48:00,"Credit card",7,0.36,2019,1,1
486,WALM060,DeSoto,"Sports and travel",49.49,4,2019-03-21,15:25:00,Ewallet,6.6,0.33,2019,3,21
487,WALM026,Denton,"Fashion accessories",41.09,10,2019-02-28,14:42:00,Cash,7.3,0.48,2019,2,28
488,WALM080,Nacogdoches,"Fashion accessories",37.15,4,2019-03-23,18:59:00,Ewallet,8.3,0.33,2019,3,23
489,WALM050,Victoria,"Home and lifestyle",22.96,1,2019-01-30,20:47:00,Ewallet,4.3,0.48,2019,1,30
490,WALM063,Georgetown,"Home and lifestyle",77.68,9,2019-02-04,13:21:00,Ewallet,9.8,0.33,2019,2,4
491,WALM051,"New Braunfels","Fashion accessories",34.7,2,2019-03-13,19:48:00,Ewallet,8.2,0.48,2019,3,13
492,WALM004,Austin,"Fashion accessories",19.66,10,2019-03-15,18:20:00,"Credit card",7.2,0.48,2019,3,15
493,WALM085,Kerrville,"Health and beauty",25.32,8,2019-03-05,20:24:00,Ewallet,8.7,0.33,2019,3,5
494,WALM011,Lubbock,"Home and lifestyle",12.12,10,2019-03-05,13:44:00,"Credit card",8.4,0.48,2019,3,5
495,WALM081,Friendswood,"Fashion accessories",99.89,2,2019-02-26,11:48:00,Ewallet,7.1,0.33,2019,2,26
496,WALM019,Pasadena,"Sports and travel",75.92,8,2019-03-20,14:14:00,Cash,5.5,0.48,2019,3,20
497,WALM053,Conroe,"Electronic accessories",63.22,2,2019-01-01,15:51:00,Cash,8.5,0.21,2019,1,1
498,WALM098,"Mineral Wells","Food and beverages",90.24,6,2019-01-27,11:17:00,Cash,6.2,0.18,2019,1,27
499,WALM073,Seguin,"Sports and travel",98.13,1,2019-01-21,17:36:00,Cash,8.9,0.33,2019,1,21
500,WALM071,Lufkin,"Sports and travel",51.52,8,2019-02-02,15:47:00,Cash,9.6,0.33,2019,2,2
501,WALM087,Waxahachie,"Sports and travel",73.97,1,2019-02-03,15:53:00,"Credit card",5.4,0.33,2019,2,3
502,WALM006,"El Paso","Fashion accessories",31.9,1,2019-01-05,12:40:00,Ewallet,9.1,0.48,2019,1,5
503,WALM002,Dallas,"Home and lifestyle",69.4,2,2019-01-27,19:48:00,Ewallet,9,0.36,2019,1,27
504,WALM075,"San Marcos","Sports and travel",93.31,2,2019-03-25,17:53:00,Cash,6.3,0.33,2019,3,25
505,WALM048,Harlingen,"Sports and travel",88.45,1,2019-02-25,16:36:00,"Credit card",9.5,0.48,2019,2,25
506,WALM040,Edinburg,"Electronic accessories",24.18,8,2019-01-28,20:54:00,Ewallet,9.8,0.48,2019,1,28
507,WALM019,Pasadena,"Sports and travel",48.5,3,2019-01-08,12:50:00,Cash,6.7,0.48,2019,1,8
508,WALM059,Pflugerville,"Food and beverages",84.05,6,2019-01-29,10:48:00,"Credit card",7.7,0.33,2019,1,29
509,WALM077,Coppell,"Health and beauty",61.29,5,2019-03-29,14:28:00,Cash,7,0.33,2019,3,29
510,WALM055,Waxahachie,"Home and lifestyle",15.95,6,2019-02-09,17:15:00,"Credit card",5.1,0.33,2019,2,9
511,WALM057,Euless,"Sports and travel",90.74,7,2019-01-16,18:03:00,"Credit card",6.2,0.33,2019,1,16
512,WALM007,Arlington,"Home and lifestyle",42.91,5,2019-01-05,17:29:00,Ewallet,6.1,0.48,2019,1,5
513,WALM071,Lufkin,"Fashion accessories",54.28,7,2019-01-27,18:05:00,Ewallet,9.3,0.33,2019,1,27
514,WALM088,Cleburne,"Electronic accessories",99.55,7,2019-03-14,12:07:00,Cash,7.6,0.33,2019,3,14
515,WALM051,"New Braunfels","Sports and travel",58.39,7,2019-02-23,19:49:00,"Credit card",8.2,0.48,2019,2,23
516,WALM025,Waco,"Fashion accessories",51.47,1,2019-03-18,15:52:00,Ewallet,8.5,0.48,2019,3,18
517,WALM071,Lufkin,"Health and beauty",54.86,5,2019-03-29,16:48:00,Ewallet,9.8,0.33,2019,3,29
518,WALM089,Southlake,"Home and lifestyle",39.39,5,2019-01-22,20:46:00,"Credit card",8.7,0.33,2019,1,22
519,WALM008,"Corpus Christi","Home and lifestyle",34.73,2,2019-03-01,18:14:00,Ewallet,9.7,0.48,2019,3,1
520,WALM033,Pearland,"Sports and travel",71.92,5,2019-01-17,15:05:00,"Credit card",4.3,0.48,2019,1,17
521,WALM059,Pflugerville,"Electronic accessories",45.71,3,2019-03-26,10:34:00,"Credit card",7.7,0.33,2019,3,26
522,WALM097,Alice,"Home and lifestyle",83.17,6,2019-03-20,11:23:00,Cash,7.3,0.18,2019,3,20
523,WALM035,"San Angelo","Home and lifestyle",37.44,6,2019-02-06,13:55:00,"Credit card",5.9,0.48,2019,2,6
524,WALM075,"San Marcos","Health and beauty",62.87,2,2019-01-01,11:43:00,Cash,5,0.33,2019,1,1
525,WALM075,"San Marcos","Food and beverages",81.71,6,2019-01-27,14:36:00,"Credit card",8,0.33,2019,1,27
526,WALM074,Weslaco,"Sports and travel",91.41,5,2019-02-25,16:03:00,Cash,7.1,0.33,2019,2,25
527,WALM095,"Big Spring","Fashion accessories",39.21,4,2019-01-16,20:03:00,"Credit card",9,0.33,2019,1,16
528,WALM013,Irving,"Fashion accessories",59.86,2,2019-01-13,14:55:00,Ewallet,6.7,0.48,2019,1,13
529,WALM056,Rowlett,"Food and beverages",54.36,10,2019-02-07,11:28:00,"Credit card",6.1,0.33,2019,2,7
530,WALM019,Pasadena,"Sports and travel",98.09,9,2019-02-17,19:41:00,Cash,9.3,0.48,2019,2,17
531,WALM073,Seguin,"Health and beauty",25.43,6,2019-02-12,19:01:00,Ewallet,7,0.33,2019,2,12
532,WALM082,Weslaco,"Fashion accessories",86.68,8,2019-01-24,18:04:00,Cash,7.2,0.33,2019,1,24
533,WALM063,Georgetown,"Electronic accessories",22.95,10,2019-02-06,19:20:00,Ewallet,8.2,0.33,2019,2,6
534,WALM085,Kerrville,"Food and beverages",16.31,9,2019-03-26,10:31:00,Ewallet,8.4,0.33,2019,3,26
535,WALM036,Allen,"Home and lifestyle",28.32,5,2019-03-11,13:28:00,Ewallet,6.2,0.48,2019,3,11
536,WALM082,Weslaco,"Home and lifestyle",16.67,7,2019-02-07,11:36:00,Cash,7.4,0.33,2019,2,7
537,WALM063,Georgetown,"Fashion accessories",73.96,1,2019-01-05,11:32:00,"Credit card",5,0.33,2019,1,5
538,WALM029,"Round Rock","Home and lifestyle",97.94,1,2019-03-07,11:44:00,Ewallet,6.9,0.48,2019,3,7
539,WALM098,"Mineral Wells","Fashion accessories",73.05,4,2019-02-25,17:16:00,"Credit card",4.9,0.18,2019,2,25
540,WALM062,Galveston,"Food and beverages",87.48,6,2019-02-01,18:43:00,Ewallet,5.1,0.33,2019,2,1
541,WALM042,Bryan,"Home and lifestyle",30.68,3,2019-01-22,11:00:00,Ewallet,9.1,0.48,2019,1,22
542,WALM048,Harlingen,"Health and beauty",75.88,1,2019-01-03,10:30:00,"Credit card",7.1,0.48,2019,1,3
543,WALM091,"Little Elm","Sports and travel",20.18,4,2019-02-13,12:14:00,"Credit card",5,0.33,2019,2,13
544,WALM055,Waxahachie,"Electronic accessories",18.77,6,2019-01-28,16:43:00,"Credit card",5.5,0.33,2019,1,28
545,WALM097,Alice,"Food and beverages",71.2,1,2019-01-05,20:40:00,"Credit card",9.2,0.18,2019,1,5
546,WALM089,Southlake,"Home and lifestyle",38.81,4,2019-03-19,13:40:00,Ewallet,4.9,0.33,2019,3,19
547,WALM004,Austin,"Fashion accessories",29.42,10,2019-01-12,16:23:00,Ewallet,8.9,0.48,2019,1,12
548,WALM093,Angleton,"Sports and travel",60.95,9,2019-01-07,12:08:00,"Credit card",6,0.33,2019,1,7
549,WALM057,Euless,"Sports and travel",51.54,5,2019-01-26,17:45:00,Cash,4.2,0.33,2019,1,26
550,WALM037,"League City","Electronic accessories",66.06,6,2019-01-23,10:28:00,Cash,7.3,0.48,2019,1,23
551,WALM066,Grapevine,"Fashion accessories",57.27,3,2019-02-09,20:31:00,Ewallet,6.5,0.33,2019,2,9
552,WALM096,"Eagle Pass","Fashion accessories",54.31,9,2019-02-22,10:49:00,Cash,8.9,0.18,2019,2,22
553,WALM023,Midland,"Health and beauty",58.24,9,2019-02-05,12:34:00,Cash,9.7,0.48,2019,2,5
554,WALM072,Lancaster,"Electronic accessories",22.21,6,2019-03-07,10:23:00,"Credit card",8.6,0.33,2019,3,7
555,WALM061,"Cedar Park","Electronic accessories",19.32,7,2019-03-25,18:51:00,Cash,6.9,0.33,2019,3,25
556,WALM014,Amarillo,"Home and lifestyle",37.48,3,2019-01-20,13:45:00,"Credit card",7.7,0.48,2019,1,20
557,WALM012,Garland,"Fashion accessories",72.04,2,2019-02-04,19:38:00,Cash,9.5,0.48,2019,2,4
558,WALM042,Bryan,"Food and beverages",98.52,10,2019-01-30,20:23:00,Ewallet,4.5,0.48,2019,1,30
559,WALM036,Allen,"Food and beverages",41.66,6,2019-01-02,15:24:00,Ewallet,5.6,0.48,2019,1,2
560,WALM087,Waxahachie,"Home and lifestyle",72.42,3,2019-03-29,16:54:00,Ewallet,8.2,0.33,2019,3,29
561,WALM050,Victoria,"Electronic accessories",21.58,9,2019-03-14,12:32:00,Ewallet,7.3,0.48,2019,3,14
562,WALM080,Nacogdoches,"Food and beverages",89.2,10,2019-02-11,15:42:00,"Credit card",4.4,0.33,2019,2,11
563,WALM089,Southlake,"Electronic accessories",42.42,8,2019-01-30,13:58:00,Ewallet,5.7,0.33,2019,1,30
564,WALM083,"Farmers Branch","Electronic accessories",74.51,6,2019-03-20,15:08:00,Ewallet,5,0.33,2019,3,20
565,WALM020,Killeen,"Fashion accessories",99.25,2,2019-03-20,13:02:00,Cash,9,0.48,2019,3,20
566,WALM049,"North Richland Hills","Food and beverages",81.21,10,2019-01-17,13:01:00,"Credit card",6.3,0.48,2019,1,17
567,WALM090,Brownwood,"Sports and travel",49.33,10,2019-02-03,16:40:00,"Credit card",9.4,0.33,2019,2,3
568,WALM083,"Farmers Branch","Fashion accessories",65.74,9,2019-01-01,13:55:00,Cash,7.7,0.33,2019,1,1
569,WALM074,Weslaco,"Fashion accessories",79.86,7,2019-01-10,10:33:00,Cash,5.5,0.33,2019,1,10
570,WALM082,Weslaco,"Sports and travel",73.98,7,2019-03-02,16:42:00,Cash,4.1,0.33,2019,3,2
571,WALM046,Temple,"Home and lifestyle",82.04,5,2019-02-25,17:16:00,"Credit card",7.6,0.48,2019,2,25
572,WALM092,"Lake Jackson","Sports and travel",26.67,10,2019-01-29,11:48:00,Cash,8.6,0.33,2019,1,29
573,WALM012,Garland,"Food and beverages",10.13,7,2019-03-10,19:35:00,Ewallet,8.3,0.48,2019,3,10
574,WALM063,Georgetown,"Food and beverages",72.39,2,2019-01-13,19:55:00,"Credit card",8.1,0.33,2019,1,13
575,WALM030,Richardson,"Sports and travel",85.91,5,2019-03-22,14:33:00,"Credit card",8.6,0.48,2019,3,22
576,WALM047,"Flower Mound","Fashion accessories",81.31,7,2019-03-01,19:49:00,Ewallet,6.3,0.48,2019,3,1
577,WALM052,Mansfield,"Food and beverages",60.3,4,2019-02-20,18:43:00,Cash,5.8,0.57,2019,2,20
578,WALM027,Abilene,"Food and beverages",31.77,4,2019-01-14,14:43:00,Ewallet,6.2,0.48,2019,1,14
579,WALM087,Waxahachie,"Health and beauty",64.27,4,2019-03-26,13:54:00,Cash,7.7,0.33,2019,3,26
580,WALM070,Hurst,"Health and beauty",69.51,2,2019-03-01,12:15:00,Ewallet,8.1,0.33,2019,3,1
581,WALM044,Pharr,"Food and beverages",27.22,3,2019-01-07,12:37:00,Cash,7.3,0.48,2019,1,7
582,WALM095,"Big Spring","Health and beauty",77.68,4,2019-02-01,19:54:00,Cash,8.4,0.33,2019,2,1
583,WALM013,Irving,"Fashion accessories",92.98,2,2019-02-13,15:06:00,"Credit card",8,0.48,2019,2,13
584,WALM001,Houston,"Fashion accessories",18.08,4,2019-01-14,18:03:00,"Credit card",9.5,0.36,2019,1,14
585,WALM088,Cleburne,"Sports and travel",63.06,3,2019-01-19,15:58:00,Ewallet,7,0.33,2019,1,19
586,WALM020,Killeen,"Health and beauty",51.71,4,2019-03-09,13:53:00,"Credit card",9.8,0.48,2019,3,9
587,WALM038,"Sugar Land","Food and beverages",52.34,3,2019-03-27,14:03:00,Cash,9.2,0.48,2019,3,27
588,WALM069,Rockwall,"Sports and travel",43.06,5,2019-02-04,16:38:00,Ewallet,7.7,0.33,2019,2,4
589,WALM062,Galveston,"Fashion accessories",59.61,10,2019-03-14,11:07:00,Cash,5.3,0.33,2019,3,14
590,WALM081,Friendswood,"Health and beauty",14.62,5,2019-03-04,12:23:00,Cash,4.4,0.33,2019,3,4
591,WALM071,Lufkin,"Health and beauty",46.53,6,2019-03-03,10:54:00,"Credit card",4.3,0.33,2019,3,3
592,WALM030,Richardson,"Home and lifestyle",24.24,7,2019-01-27,17:38:00,Ewallet,9.4,0.48,2019,1,27
593,WALM046,Temple,"Sports and travel",45.58,1,2019-02-07,14:13:00,Cash,9.8,0.48,2019,2,7
594,WALM028,Odessa,"Sports and travel",75.2,3,2019-02-05,11:51:00,Ewallet,4.8,0.48,2019,2,5
595,WALM070,Hurst,"Sports and travel",96.8,3,2019-03-15,13:05:00,Cash,5.3,0.33,2019,3,15
596,WALM026,Denton,"Health and beauty",14.82,3,2019-03-01,11:30:00,"Credit card",8.7,0.48,2019,3,1
597,WALM081,Friendswood,"Food and beverages",52.2,3,2019-02-15,13:30:00,"Credit card",9.5,0.33,2019,2,15
598,WALM020,Killeen,"Sports and travel",46.66,9,2019-02-17,19:11:00,Ewallet,5.3,0.48,2019,2,17
599,WALM048,Harlingen,"Fashion accessories",36.85,5,2019-01-26,18:53:00,Cash,9.2,0.48,2019,1,26
600,WALM047,"Flower Mound","Home and lifestyle",70.32,2,2019-03-24,14:22:00,Ewallet,9.6,0.48,2019,3,24
601,WALM080,Nacogdoches,"Electronic accessories",83.08,1,2019-01-23,17:16:00,Ewallet,6.4,0.33,2019,1,23
602,WALM064,Bedford,"Fashion accessories",64.99,1,2019-01-26,10:06:00,"Credit card",4.5,0.33,2019,1,26
603,WALM086,Rosenberg,"Food and beverages",77.56,10,2019-03-14,20:35:00,Ewallet,6.9,0.33,2019,3,14
604,WALM040,Edinburg,"Sports and travel",54.51,6,2019-03-17,13:54:00,Ewallet,7.8,0.48,2019,3,17
605,WALM096,"Eagle Pass","Fashion accessories",51.89,7,2019-01-08,20:08:00,Cash,4.5,0.18,2019,1,8
606,WALM060,DeSoto,"Home and lifestyle",31.75,4,2019-02-08,15:26:00,Cash,8.6,0.33,2019,2,8
607,WALM069,Rockwall,"Fashion accessories",53.65,7,2019-02-10,12:56:00,Ewallet,5.2,0.33,2019,2,10
608,WALM021,McAllen,"Food and beverages",49.79,4,2019-03-28,19:16:00,"Credit card",6.4,0.48,2019,3,28
609,WALM049,"North Richland Hills","Fashion accessories",30.61,1,2019-01-23,12:20:00,Ewallet,5.2,0.48,2019,1,23
610,WALM029,"Round Rock","Food and beverages",57.89,2,2019-01-17,10:37:00,Ewallet,8.9,0.48,2019,1,17
611,WALM038,"Sugar Land","Electronic accessories",28.96,1,2019-02-07,10:18:00,"Credit card",6.2,0.48,2019,2,7
612,WALM052,Mansfield,"Food and beverages",98.97,9,2019-03-09,11:23:00,Cash,6.7,0.57,2019,3,9
613,WALM069,Rockwall,"Fashion accessories",93.22,3,2019-01-24,11:45:00,Cash,7.2,0.33,2019,1,24
614,WALM045,"Missouri City","Sports and travel",80.93,1,2019-01-19,16:08:00,"Credit card",9,0.48,2019,1,19
615,WALM012,Garland,"Food and beverages",67.45,10,2019-02-03,11:25:00,Ewallet,4.2,0.48,2019,2,3
616,WALM092,"Lake Jackson","Sports and travel",38.72,9,2019-03-20,12:24:00,Ewallet,4.2,0.33,2019,3,20
617,WALM068,Burleson,"Sports and travel",72.6,6,2019-01-13,19:51:00,Cash,6.9,0.33,2019,1,13
618,WALM098,"Mineral Wells","Electronic accessories",87.91,5,2019-03-14,18:10:00,Ewallet,4.4,0.18,2019,3,14
619,WALM030,Richardson,"Food and beverages",98.53,6,2019-01-23,11:22:00,"Credit card",4,0.48,2019,1,23
620,WALM019,Pasadena,"Fashion accessories",43.46,6,2019-02-07,17:55:00,Ewallet,8.5,0.48,2019,2,7
621,WALM074,Weslaco,"Food and beverages",71.68,3,2019-03-28,15:30:00,Cash,9.2,0.33,2019,3,28
622,WALM074,Weslaco,"Food and beverages",91.61,1,2019-03-20,19:44:00,Cash,9.8,0.33,2019,3,20
623,WALM017,McKinney,"Home and lifestyle",94.59,7,2019-01-17,15:27:00,"Credit card",4.9,0.48,2019,1,17
624,WALM032,Tyler,"Fashion accessories",83.25,10,2019-01-12,11:25:00,"Credit card",4.4,0.48,2019,1,12
625,WALM023,Midland,"Fashion accessories",91.35,1,2019-02-16,15:42:00,Cash,6.8,0.48,2019,2,16
626,WALM020,Killeen,"Food and beverages",78.88,2,2019-01-26,16:04:00,Cash,9.1,0.48,2019,1,26
627,WALM075,"San Marcos","Sports and travel",60.87,2,2019-03-09,12:37:00,Ewallet,8.7,0.33,2019,3,9
628,WALM043,Baytown,"Health and beauty",82.58,10,2019-03-14,14:41:00,Cash,5,0.48,2019,3,14
629,WALM049,"North Richland Hills","Home and lifestyle",53.3,3,2019-01-25,14:19:00,Ewallet,7.5,0.48,2019,1,25
630,WALM059,Pflugerville,"Fashion accessories",12.09,1,2019-01-26,18:19:00,"Credit card",8.2,0.33,2019,1,26
631,WALM006,"El Paso","Sports and travel",64.19,10,2019-01-19,14:08:00,"Credit card",6.7,0.48,2019,1,19
632,WALM001,Houston,"Electronic accessories",78.31,3,2019-03-05,16:38:00,Ewallet,5.4,0.36,2019,3,5
633,WALM020,Killeen,"Food and beverages",83.77,2,2019-01-15,10:54:00,"Credit card",7,0.48,2019,1,15
634,WALM058,"Port Arthur","Home and lifestyle",99.7,3,2019-03-18,11:29:00,Ewallet,4.7,0.33,2019,3,18
635,WALM049,"North Richland Hills","Food and beverages",79.91,3,2019-03-20,19:28:00,"Credit card",5,0.48,2019,3,20
636,WALM003,"San Antonio","Health and beauty",66.47,10,2019-01-15,15:01:00,"Credit card",5,0.48,2019,1,15
637,WALM038,"Sugar Land","Health and beauty",28.95,7,2019-03-03,20:31:00,"Credit card",6,0.48,2019,3,3
638,WALM023,Midland,"Electronic accessories",46.2,1,2019-03-19,12:16:00,Cash,6.3,0.48,2019,3,19
639,WALM002,Dallas,"Food and beverages",17.63,5,2019-03-08,15:27:00,Cash,8.5,0.36,2019,3,8
640,WALM066,Grapevine,"Fashion accessories",52.42,3,2019-02-27,17:36:00,Ewallet,7.5,0.33,2019,2,27
641,WALM076,Huntsville,"Food and beverages",98.79,3,2019-02-23,20:00:00,Ewallet,6.4,0.33,2019,2,23
642,WALM025,Waco,"Electronic accessories",88.55,8,2019-03-19,15:29:00,Ewallet,4.7,0.48,2019,3,19
643,WALM035,"San Angelo","Electronic accessories",55.67,2,2019-03-27,15:08:00,Ewallet,6,0.48,2019,3,27
644,WALM053,Conroe,"Food and beverages",72.52,8,2019-03-30,19:26:00,"Credit card",4,0.57,2019,3,30
645,WALM007,Arlington,"Electronic accessories",12.05,5,2019-02-16,15:53:00,Ewallet,5.5,0.48,2019,2,16
646,WALM098,"Mineral Wells","Home and lifestyle",19.36,9,2019-01-18,18:43:00,Ewallet,8.7,0.18,2019,1,18
647,WALM045,"Missouri City","Health and beauty",70.21,6,2019-03-30,14:58:00,"Credit card",7.4,0.48,2019,3,30
648,WALM030,Richardson,"Fashion accessories",33.63,1,2019-03-20,19:55:00,Cash,5.6,0.48,2019,3,20
649,WALM055,Waxahachie,"Sports and travel",15.49,2,2019-01-16,15:10:00,Cash,6.3,0.33,2019,1,16
650,WALM077,Coppell,"Electronic accessories",24.74,10,2019-02-24,16:44:00,Cash,7.1,0.33,2019,2,24
651,WALM088,Cleburne,"Electronic accessories",75.66,5,2019-01-15,18:22:00,Ewallet,7.8,0.33,2019,1,15
652,WALM060,DeSoto,"Health and beauty",55.81,6,2019-01-22,11:52:00,Cash,9.9,0.33,2019,1,22
653,WALM020,Killeen,"Home and lifestyle",72.78,10,2019-02-03,17:24:00,Cash,7.3,0.48,2019,2,3
654,WALM090,Brownwood,"Sports and travel",37.32,9,2019-03-06,15:31:00,Ewallet,5.1,0.33,2019,3,6
655,WALM032,Tyler,"Fashion accessories",60.18,4,2019-02-16,18:04:00,"Credit card",9.4,0.48,2019,2,16
656,WALM073,Seguin,"Electronic accessories",15.69,3,2019-03-14,14:13:00,"Credit card",5.8,0.33,2019,3,14
657,WALM027,Abilene,"Electronic accessories",99.69,1,2019-02-27,10:23:00,"Credit card",8,0.48,2019,2,27
658,WALM054,Sherman,"Fashion accessories",88.15,3,2019-01-18,10:11:00,Ewallet,7.9,0.21,2019,1,18
659,WALM071,Lufkin,"Sports and travel",27.93,5,2019-01-29,15:48:00,Cash,5.9,0.33,2019,1,29
660,WALM093,Angleton,"Fashion accessories",55.45,1,2019-02-26,17:46:00,"Credit card",4.9,0.33,2019,2,26
661,WALM021,McAllen,"Sports and travel",42.97,3,2019-02-03,11:46:00,Cash,9.3,0.48,2019,2,3
662,WALM097,Alice,"Sports and travel",17.14,7,2019-01-16,12:07:00,"Credit card",7.9,0.18,2019,1,16
663,WALM045,"Missouri City","Fashion accessories",58.75,6,2019-03-24,18:14:00,"Credit card",5.9,0.48,2019,3,24
664,WALM044,Pharr,"Food and beverages",87.1,10,2019-02-12,14:45:00,"Credit card",9.9,0.48,2019,2,12
665,WALM033,Pearland,"Sports and travel",98.8,2,2019-02-21,11:39:00,Cash,7.7,0.48,2019,2,21
666,WALM079,"La Porte","Fashion accessories",48.63,4,2019-02-04,15:44:00,Ewallet,7.6,0.33,2019,2,4
667,WALM059,Pflugerville,"Food and beverages",57.74,3,2019-02-20,13:06:00,Ewallet,7.7,0.33,2019,2,20
668,WALM047,"Flower Mound","Health and beauty",17.97,4,2019-02-23,20:43:00,Ewallet,6.4,0.48,2019,2,23
669,WALM036,Allen,"Health and beauty",47.71,6,2019-02-16,14:19:00,Ewallet,4.4,0.48,2019,2,16
670,WALM046,Temple,"Sports and travel",40.62,2,2019-01-17,10:01:00,"Credit card",4.1,0.48,2019,1,17
671,WALM057,Euless,"Fashion accessories",56.04,10,2019-01-14,19:30:00,Ewallet,4.4,0.33,2019,1,14
672,WALM007,Arlington,"Food and beverages",93.4,2,2019-03-30,16:34:00,Cash,5.5,0.48,2019,3,30
673,WALM077,Coppell,"Health and beauty",73.41,3,2019-03-02,13:10:00,Ewallet,4,0.33,2019,3,2
674,WALM064,Bedford,"Health and beauty",33.64,8,2019-02-15,17:10:00,"Credit card",9.3,0.33,2019,2,15
675,WALM003,"San Antonio","Electronic accessories",45.48,10,2019-03-01,10:22:00,"Credit card",4.8,0.48,2019,3,1
676,WALM080,Nacogdoches,"Fashion accessories",83.77,2,2019-02-24,19:57:00,Cash,4.6,0.33,2019,2,24
677,WALM062,Galveston,"Sports and travel",64.08,7,2019-02-19,19:29:00,"Credit card",7.3,0.33,2019,2,19
678,WALM066,Grapevine,"Food and beverages",73.47,4,2019-02-23,18:30:00,Cash,6,0.33,2019,2,23
679,WALM095,"Big Spring","Health and beauty",58.95,10,2019-02-07,14:27:00,Ewallet,8.1,0.33,2019,2,7
680,WALM074,Weslaco,"Food and beverages",48.5,6,2019-01-11,13:57:00,Cash,9.4,0.33,2019,1,11
681,WALM085,Kerrville,"Electronic accessories",39.48,1,2019-02-12,19:43:00,Cash,6.5,0.33,2019,2,12
682,WALM100,Canyon,"Sports and travel",34.81,1,2019-01-14,10:11:00,"Credit card",7,0.18,2019,1,14
683,WALM082,Weslaco,"Fashion accessories",49.32,6,2019-01-09,13:46:00,Cash,7.1,0.33,2019,1,9
684,WALM091,"Little Elm","Fashion accessories",21.48,2,2019-02-27,12:22:00,Ewallet,6.6,0.33,2019,2,27
685,WALM063,Georgetown,"Sports and travel",23.08,6,2019-01-24,19:20:00,Ewallet,4.9,0.33,2019,1,24
686,WALM041,Mission,"Home and lifestyle",49.1,2,2019-01-08,12:58:00,Ewallet,6.4,0.48,2019,1,8
687,WALM003,"San Antonio","Sports and travel",64.83,2,2019-01-08,11:59:00,"Credit card",8,0.36,2019,1,8
688,WALM089,Southlake,"Home and lifestyle",63.56,10,2019-01-16,17:59:00,Cash,4.3,0.33,2019,1,16
689,WALM058,"Port Arthur","Sports and travel",72.88,2,2019-03-13,12:51:00,Cash,6.1,0.33,2019,3,13
690,WALM083,"Farmers Branch","Food and beverages",67.1,3,2019-02-15,10:36:00,Cash,7.5,0.33,2019,2,15
691,WALM057,Euless,"Sports and travel",70.19,9,2019-01-25,13:38:00,Cash,6.7,0.33,2019,1,25
692,WALM089,Southlake,"Food and beverages",55.04,7,2019-03-12,19:39:00,Ewallet,5.2,0.33,2019,3,12
693,WALM022,Mesquite,"Health and beauty",48.63,10,2019-03-04,12:44:00,Cash,8.8,0.48,2019,3,4
694,WALM012,Garland,"Fashion accessories",73.38,7,2019-02-10,13:56:00,Cash,9.5,0.48,2019,2,10
695,WALM009,Plano,"Food and beverages",52.6,9,2019-01-16,14:42:00,Cash,7.6,0.48,2019,1,16
696,WALM052,Mansfield,"Home and lifestyle",87.37,5,2019-01-29,19:45:00,Cash,6.6,0.57,2019,1,29
697,WALM040,Edinburg,"Sports and travel",27.04,4,2019-01-01,20:26:00,Ewallet,6.9,0.48,2019,1,1
698,WALM079,"La Porte","Home and lifestyle",62.19,4,2019-01-06,19:46:00,Ewallet,4.3,0.33,2019,1,6
699,WALM088,Cleburne,"Electronic accessories",69.58,9,2019-02-19,19:38:00,"Credit card",7.8,0.33,2019,2,19
700,WALM066,Grapevine,"Home and lifestyle",97.5,10,2019-01-12,16:18:00,Ewallet,8,0.33,2019,1,12
701,WALM061,"Cedar Park","Fashion accessories",60.41,8,2019-02-07,12:23:00,Ewallet,9.6,0.33,2019,2,7
702,WALM059,Pflugerville,"Food and beverages",32.32,3,2019-03-27,19:11:00,"Credit card",4.3,0.33,2019,3,27
703,WALM046,Temple,"Fashion accessories",19.77,10,2019-02-27,18:57:00,"Credit card",5,0.48,2019,2,27
704,WALM044,Pharr,"Health and beauty",80.47,9,2019-01-06,11:18:00,Cash,9.2,0.48,2019,1,6
705,WALM042,Bryan,"Home and lifestyle",88.39,9,2019-03-02,12:40:00,Cash,6.3,0.48,2019,3,2
706,WALM045,"Missouri City","Health and beauty",71.77,7,2019-03-29,14:06:00,"Credit card",8.9,0.48,2019,3,29
707,WALM031,Lewisville,"Electronic accessories",43,4,2019-01-31,20:48:00,Ewallet,7.6,0.48,2019,1,31
708,WALM069,Rockwall,"Food and beverages",68.98,1,2019-01-21,20:13:00,Cash,4.8,0.33,2019,1,21
709,WALM048,Harlingen,"Fashion accessories",15.62,8,2019-01-20,20:37:00,Ewallet,9.1,0.48,2019,1,20
710,WALM040,Edinburg,"Sports and travel",25.7,3,2019-01-17,17:59:00,Ewallet,6.1,0.48,2019,1,17
711,WALM080,Nacogdoches,"Food and beverages",80.62,6,2019-02-28,20:18:00,Cash,9.1,0.33,2019,2,28
712,WALM007,Arlington,"Home and lifestyle",75.53,4,2019-03-19,15:52:00,Ewallet,8.3,0.48,2019,3,19
713,WALM074,Weslaco,"Electronic accessories",77.63,9,2019-02-19,15:14:00,Cash,7.2,0.33,2019,2,19
714,WALM021,McAllen,"Health and beauty",13.85,9,2019-02-04,12:50:00,Ewallet,6,0.48,2019,2,4
715,WALM049,"North Richland Hills","Fashion accessories",98.7,8,2019-01-31,10:36:00,Ewallet,8.5,0.48,2019,1,31
716,WALM057,Euless,"Health and beauty",35.68,5,2019-02-06,18:33:00,"Credit card",6.6,0.33,2019,2,6
717,WALM079,"La Porte","Fashion accessories",71.46,7,2019-03-28,16:06:00,Ewallet,4.5,0.33,2019,3,28
718,WALM040,Edinburg,"Electronic accessories",11.94,3,2019-01-19,12:47:00,"Credit card",8.1,0.48,2019,1,19
719,WALM099,Weatherford,"Fashion accessories",45.38,3,2019-02-17,13:34:00,"Credit card",7.2,0.18,2019,2,17
720,WALM056,Rowlett,"Fashion accessories",17.48,6,2019-01-18,15:04:00,"Credit card",6.1,0.33,2019,1,18
721,WALM004,Austin,"Fashion accessories",25.56,7,2019-02-02,20:42:00,Cash,7.1,0.48,2019,2,2
722,WALM018,Frisco,"Sports and travel",90.63,9,2019-01-18,15:28:00,Cash,5.1,0.48,2019,1,18
723,WALM087,Waxahachie,"Home and lifestyle",44.12,3,2019-03-18,13:45:00,"Credit card",7.9,0.33,2019,3,18
724,WALM008,"Corpus Christi","Food and beverages",36.77,7,2019-01-11,20:10:00,Cash,7.4,0.48,2019,1,11
725,WALM060,DeSoto,"Food and beverages",23.34,4,2019-02-04,18:53:00,Ewallet,7.4,0.33,2019,2,4
726,WALM084,Schertz,"Health and beauty",28.5,8,2019-02-06,14:24:00,Cash,6.6,0.33,2019,2,6
727,WALM067,"Haltom City","Home and lifestyle",55.57,3,2019-01-08,11:42:00,"Credit card",5.9,0.33,2019,1,8
728,WALM043,Baytown,"Sports and travel",69.74,10,2019-03-05,17:49:00,"Credit card",8.9,0.48,2019,3,5
729,WALM096,"Eagle Pass","Fashion accessories",97.26,4,2019-03-16,15:33:00,Ewallet,6.8,0.18,2019,3,16
730,WALM029,"Round Rock","Home and lifestyle",52.18,7,2019-03-09,10:54:00,Cash,9.3,0.48,2019,3,9
731,WALM078,"Del Rio","Fashion accessories",22.32,4,2019-03-01,16:23:00,"Credit card",4.4,0.33,2019,3,1
732,WALM087,Waxahachie,"Health and beauty",56,3,2019-02-28,19:33:00,Ewallet,4.8,0.33,2019,2,28
733,WALM062,Galveston,"Fashion accessories",19.7,1,2019-02-08,11:39:00,Ewallet,9.5,0.33,2019,2,8
734,WALM052,Mansfield,"Electronic accessories",75.88,7,2019-01-24,10:38:00,Ewallet,8.9,0.57,2019,1,24
735,WALM057,Euless,"Food and beverages",53.72,1,2019-03-01,20:03:00,Ewallet,6.4,0.33,2019,3,1
736,WALM095,"Big Spring","Health and beauty",81.95,10,2019-03-10,12:39:00,"Credit card",6,0.33,2019,3,10
737,WALM066,Grapevine,"Home and lifestyle",81.2,7,2019-03-23,15:59:00,"Credit card",8.1,0.33,2019,3,23
738,WALM010,Laredo,"Electronic accessories",58.76,10,2019-01-29,14:26:00,Ewallet,9,0.48,2019,1,29
739,WALM064,Bedford,"Electronic accessories",91.56,8,2019-01-12,18:22:00,Ewallet,6,0.33,2019,1,12
740,WALM084,Schertz,"Home and lifestyle",93.96,9,2019-03-20,11:32:00,Cash,9.8,0.33,2019,3,20
741,WALM047,"Flower Mound","Home and lifestyle",55.61,7,2019-03-23,12:41:00,Cash,8.5,0.48,2019,3,23
742,WALM076,Huntsville,"Food and beverages",84.83,1,2019-01-14,15:20:00,Ewallet,8.8,0.33,2019,1,14
743,WALM048,Harlingen,"Sports and travel",71.63,2,2019-02-12,14:33:00,Ewallet,8.8,0.48,2019,2,12
744,WALM067,"Haltom City","Home and lifestyle",37.69,2,2019-02-20,15:29:00,Ewallet,9.5,0.33,2019,2,20
745,WALM002,Dallas,"Sports and travel",31.67,8,2019-01-02,16:19:00,"Credit card",5.6,0.36,2019,1,2
746,WALM081,Friendswood,"Food and beverages",38.42,1,2019-02-02,16:33:00,Cash,8.6,0.33,2019,2,2
747,WALM062,Galveston,"Fashion accessories",65.23,10,2019-01-08,19:07:00,"Credit card",5.2,0.33,2019,1,8
748,WALM016,Brownsville,"Home and lifestyle",10.53,5,2019-01-30,14:43:00,"Credit card",5.8,0.48,2019,1,30
749,WALM025,Waco,"Home and lifestyle",12.29,9,2019-03-26,19:28:00,"Credit card",8,0.48,2019,3,26
750,WALM005,"Fort Worth","Health and beauty",81.23,7,2019-01-15,20:44:00,Cash,9,0.48,2019,1,15
751,WALM060,DeSoto,"Fashion accessories",22.32,4,2019-03-14,11:16:00,Ewallet,4.1,0.33,2019,3,14
752,WALM090,Brownwood,"Food and beverages",27.28,5,2019-02-03,10:31:00,"Credit card",8.6,0.33,2019,2,3
753,WALM075,"San Marcos","Electronic accessories",17.42,10,2019-02-22,12:30:00,Ewallet,7,0.33,2019,2,22
754,WALM074,Weslaco,"Home and lifestyle",73.28,5,2019-01-24,15:05:00,Cash,8.4,0.33,2019,1,24
755,WALM021,McAllen,"Fashion accessories",84.87,3,2019-01-25,18:30:00,Ewallet,7.4,0.48,2019,1,25
756,WALM072,Lancaster,"Fashion accessories",97.29,8,2019-03-09,13:18:00,"Credit card",6.2,0.33,2019,3,9
757,WALM077,Coppell,"Electronic accessories",35.74,8,2019-02-17,15:28:00,Ewallet,4.9,0.33,2019,2,17
758,WALM063,Georgetown,"Home and lifestyle",96.52,6,2019-01-11,11:52:00,Cash,4.5,0.33,2019,1,11
759,WALM064,Bedford,"Food and beverages",18.85,10,2019-02-27,18:24:00,Ewallet,5.6,0.33,2019,2,27
760,WALM028,Odessa,"Food and beverages",55.39,4,2019-03-25,15:19:00,Ewallet,8,0.48,2019,3,25
761,WALM003,"San Antonio","Food and beverages",77.2,10,2019-02-11,10:38:00,"Credit card",5.6,0.48,2019,2,11
762,WALM069,Rockwall,"Electronic accessories",72.13,10,2019-01-31,15:12:00,"Credit card",4.2,0.33,2019,1,31
763,WALM071,Lufkin,"Fashion accessories",63.88,8,2019-01-20,17:48:00,Ewallet,9.9,0.33,2019,1,20
764,WALM070,Hurst,"Health and beauty",10.69,5,2019-03-26,11:07:00,Ewallet,7.6,0.33,2019,3,26
765,WALM004,Austin,"Health and beauty",55.5,4,2019-01-20,15:48:00,"Credit card",6.6,0.48,2019,1,20
766,WALM017,McKinney,"Home and lifestyle",95.46,8,2019-03-05,19:40:00,Ewallet,4.7,0.48,2019,3,5
767,WALM056,Rowlett,"Fashion accessories",76.06,3,2019-01-05,20:30:00,"Credit card",9.8,0.33,2019,1,5
768,WALM006,"El Paso","Sports and travel",13.69,6,2019-02-13,13:59:00,Cash,6.3,0.48,2019,2,13
769,WALM049,"North Richland Hills","Electronic accessories",95.64,4,2019-03-16,18:51:00,Cash,7.9,0.48,2019,3,16
770,WALM020,Killeen,"Home and lifestyle",11.43,6,2019-01-15,17:24:00,Cash,7.7,0.48,2019,1,15
771,WALM065,"Texas City","Sports and travel",95.54,4,2019-02-26,11:58:00,Ewallet,4.5,0.33,2019,2,26
772,WALM039,Longview,"Health and beauty",85.87,7,2019-02-27,19:01:00,"Credit card",8,0.48,2019,2,27
773,WALM046,Temple,"Sports and travel",67.99,7,2019-02-17,16:50:00,Ewallet,5.7,0.48,2019,2,17
774,WALM060,DeSoto,"Food and beverages",52.42,1,2019-02-06,10:22:00,"Credit card",6.3,0.33,2019,2,6
775,WALM052,Mansfield,"Food and beverages",65.65,2,2019-01-17,16:46:00,Cash,6,0.57,2019,1,17
776,WALM053,Conroe,"Food and beverages",28.86,5,2019-01-22,18:08:00,"Credit card",8,0.57,2019,1,22
777,WALM084,Schertz,"Health and beauty",65.31,7,2019-03-05,18:02:00,"Credit card",4.2,0.33,2019,3,5
778,WALM096,"Eagle Pass","Sports and travel",93.38,1,2019-01-03,13:07:00,Cash,9.6,0.33,2019,1,3
779,WALM031,Lewisville,"Sports and travel",25.25,5,2019-03-20,17:52:00,Cash,6.1,0.48,2019,3,20
780,WALM095,"Big Spring","Electronic accessories",87.87,9,2019-01-31,20:32:00,Ewallet,5.6,0.33,2019,1,31
781,WALM005,"Fort Worth","Health and beauty",21.8,8,2019-02-19,19:24:00,Cash,8.3,0.48,2019,2,19
782,WALM022,Mesquite,"Sports and travel",94.76,4,2019-02-11,16:06:00,Ewallet,7.8,0.48,2019,2,11
783,WALM063,Georgetown,"Fashion accessories",30.62,1,2019-02-05,14:14:00,"Credit card",4.1,0.33,2019,2,5
784,WALM055,Waxahachie,"Home and lifestyle",44.01,8,2019-03-03,17:36:00,Cash,8.8,0.33,2019,3,3
785,WALM069,Rockwall,"Health and beauty",10.16,5,2019-02-24,13:08:00,Ewallet,4.1,0.33,2019,2,24
786,WALM087,Waxahachie,"Electronic accessories",74.58,7,2019-02-04,16:09:00,"Credit card",9,0.33,2019,2,4
787,WALM062,Galveston,"Electronic accessories",71.89,8,2019-02-19,11:33:00,Ewallet,5.5,0.33,2019,2,19
788,WALM025,Waco,"Health and beauty",10.99,5,2019-01-23,10:18:00,"Credit card",9.3,0.48,2019,1,23
789,WALM017,McKinney,"Health and beauty",60.47,3,2019-01-14,10:55:00,"Credit card",5.6,0.48,2019,1,14
790,WALM089,Southlake,"Sports and travel",58.91,7,2019-01-17,15:15:00,Ewallet,9.7,0.33,2019,1,17
791,WALM031,Lewisville,"Fashion accessories",46.41,1,2019-03-03,20:06:00,"Credit card",4,0.48,2019,3,3
792,WALM038,"Sugar Land","Health and beauty",68.55,4,2019-02-15,20:21:00,"Credit card",9.2,0.48,2019,2,15
793,WALM008,"Corpus Christi","Home and lifestyle",97.37,10,2019-01-15,13:48:00,"Credit card",4.9,0.48,2019,1,15
794,WALM022,Mesquite,"Electronic accessories",92.6,7,2019-02-27,12:52:00,"Credit card",9.3,0.48,2019,2,27
795,WALM100,Canyon,"Electronic accessories",46.61,2,2019-02-26,12:28:00,"Credit card",6.6,0.18,2019,2,26
796,WALM001,Houston,"Fashion accessories",27.18,2,2019-03-15,16:26:00,Ewallet,4.3,0.36,2019,3,15
797,WALM067,"Haltom City","Home and lifestyle",60.87,1,2019-01-24,13:24:00,Cash,5.5,0.33,2019,1,24
798,WALM072,Lancaster,"Sports and travel",24.49,10,2019-02-22,15:15:00,Cash,8.1,0.33,2019,2,22
799,WALM098,"Mineral Wells","Health and beauty",92.78,1,2019-03-15,10:50:00,"Credit card",9.8,0.18,2019,3,15
800,WALM067,"Haltom City","Home and lifestyle",86.69,5,2019-02-11,18:38:00,Ewallet,9.4,0.33,2019,2,11
801,WALM075,"San Marcos","Sports and travel",23.01,6,2019-01-12,16:45:00,Ewallet,7.9,0.33,2019,1,12
802,WALM005,"Fort Worth","Electronic accessories",30.2,8,2019-03-03,19:30:00,Ewallet,5.1,0.48,2019,3,3
803,WALM037,"League City","Fashion accessories",67.39,7,2019-03-23,13:23:00,Ewallet,6.9,0.48,2019,3,23
804,WALM096,"Eagle Pass","Fashion accessories",48.96,9,2019-03-04,11:27:00,Cash,8,0.18,2019,3,4
805,WALM009,Plano,"Electronic accessories",75.59,9,2019-02-23,11:12:00,Cash,8,0.48,2019,2,23
806,WALM074,Weslaco,"Home and lifestyle",77.47,4,2019-03-17,16:36:00,Cash,4.2,0.33,2019,3,17
807,WALM080,Nacogdoches,"Sports and travel",93.18,2,2019-01-16,18:41:00,"Credit card",8.5,0.33,2019,1,16
808,WALM025,Waco,"Electronic accessories",50.23,4,2019-01-08,17:12:00,Cash,9,0.48,2019,1,8
809,WALM040,Edinburg,"Health and beauty",17.75,1,2019-01-14,10:38:00,Cash,8.6,0.48,2019,1,14
810,WALM059,Pflugerville,"Fashion accessories",62.18,10,2019-01-31,10:33:00,Ewallet,6,0.33,2019,1,31
811,WALM016,Brownsville,"Health and beauty",10.75,8,2019-03-15,14:38:00,Ewallet,6.2,0.48,2019,3,15
812,WALM082,Weslaco,"Electronic accessories",40.26,10,2019-02-24,18:06:00,Cash,5,0.33,2019,2,24
813,WALM086,Rosenberg,"Sports and travel",64.97,5,2019-02-08,12:52:00,"Credit card",6.5,0.33,2019,2,8
814,WALM077,Coppell,"Electronic accessories",95.15,1,2019-03-22,14:00:00,Cash,6,0.33,2019,3,22
815,WALM028,Odessa,"Electronic accessories",48.62,8,2019-01-24,10:57:00,Cash,5,0.48,2019,1,24
816,WALM072,Lancaster,"Food and beverages",53.21,8,2019-03-14,16:45:00,Ewallet,5,0.33,2019,3,14
817,WALM058,"Port Arthur","Fashion accessories",45.44,7,2019-01-23,11:15:00,Cash,9.2,0.33,2019,1,23
818,WALM078,"Del Rio","Food and beverages",33.88,8,2019-01-19,20:29:00,Ewallet,9.6,0.33,2019,1,19
819,WALM008,"Corpus Christi","Health and beauty",96.16,4,2019-01-27,20:03:00,"Credit card",8.4,0.48,2019,1,27
820,WALM086,Rosenberg,"Food and beverages",47.16,5,2019-02-03,14:35:00,"Credit card",6,0.33,2019,2,3
821,WALM069,Rockwall,"Electronic accessories",52.89,4,2019-03-25,16:32:00,Ewallet,6.7,0.33,2019,3,25
822,WALM009,Plano,"Home and lifestyle",47.68,2,2019-02-24,10:10:00,"Credit card",4.1,0.48,2019,2,24
823,WALM048,Harlingen,"Sports and travel",10.17,1,2019-02-07,14:15:00,Cash,5.9,0.48,2019,2,7
824,WALM035,"San Angelo","Health and beauty",68.71,3,2019-03-04,10:05:00,Cash,8.7,0.48,2019,3,4
825,WALM042,Bryan,"Sports and travel",60.08,7,2019-02-14,11:36:00,"Credit card",4.5,0.48,2019,2,14
826,WALM011,Lubbock,"Sports and travel",22.01,4,2019-01-29,18:15:00,"Credit card",6.6,0.48,2019,1,29
827,WALM073,Seguin,"Health and beauty",72.11,9,2019-01-28,13:53:00,"Credit card",7.7,0.33,2019,1,28
828,WALM009,Plano,"Fashion accessories",41.28,3,2019-03-26,18:37:00,"Credit card",8.5,0.48,2019,3,26
829,WALM020,Killeen,"Electronic accessories",64.95,10,2019-03-24,18:27:00,Cash,5.2,0.48,2019,3,24
830,WALM011,Lubbock,"Electronic accessories",74.22,10,2019-01-01,14:42:00,"Credit card",4.3,0.48,2019,1,1
831,WALM003,"San Antonio","Electronic accessories",10.56,8,2019-01-24,17:43:00,Cash,7.6,0.48,2019,1,24
832,WALM087,Waxahachie,"Health and beauty",62.57,4,2019-02-25,18:37:00,Cash,9.5,0.33,2019,2,25
833,WALM078,"Del Rio","Sports and travel",11.85,8,2019-01-09,16:34:00,Cash,4.1,0.33,2019,1,9
834,WALM082,Weslaco,"Health and beauty",91.3,1,2019-02-14,14:42:00,Cash,9.2,0.33,2019,2,14
835,WALM060,DeSoto,"Home and lifestyle",40.73,7,2019-03-12,11:01:00,Ewallet,5.4,0.33,2019,3,12
836,WALM074,Weslaco,"Fashion accessories",52.38,1,2019-03-26,19:44:00,Cash,5.8,0.33,2019,3,26
837,WALM083,"Farmers Branch","Fashion accessories",38.54,5,2019-01-09,13:34:00,Ewallet,5.6,0.33,2019,1,9
838,WALM098,"Mineral Wells","Sports and travel",44.63,6,2019-01-02,20:08:00,"Credit card",5.1,0.18,2019,1,2
839,WALM076,Huntsville,"Electronic accessories",55.87,10,2019-01-15,15:01:00,Cash,5.8,0.33,2019,1,15
840,WALM085,Kerrville,"Sports and travel",29.22,6,2019-01-01,11:40:00,Ewallet,5,0.33,2019,1,1
841,WALM056,Rowlett,"Fashion accessories",51.94,3,2019-02-15,15:21:00,Cash,7.9,0.33,2019,2,15
842,WALM070,Hurst,"Electronic accessories",60.3,1,2019-02-28,17:38:00,Cash,6,0.33,2019,2,28
843,WALM080,Nacogdoches,"Sports and travel",39.47,2,2019-03-02,16:16:00,"Credit card",5,0.33,2019,3,2
844,WALM061,"Cedar Park","Food and beverages",14.87,2,2019-02-13,18:15:00,"Credit card",8.9,0.33,2019,2,13
845,WALM051,"New Braunfels","Fashion accessories",21.32,1,2019-01-26,12:43:00,Cash,5.9,0.48,2019,1,26
846,WALM051,"New Braunfels","Electronic accessories",93.78,3,2019-01-30,11:32:00,"Credit card",5.9,0.57,2019,1,30
847,WALM018,Frisco,"Electronic accessories",73.26,1,2019-01-27,18:08:00,Ewallet,9.7,0.48,2019,1,27
848,WALM026,Denton,"Sports and travel",22.38,1,2019-01-30,17:08:00,"Credit card",8.6,0.48,2019,1,30
849,WALM017,McKinney,"Food and beverages",72.88,9,2019-01-08,19:38:00,Cash,4,0.48,2019,1,8
850,WALM033,Pearland,"Fashion accessories",99.1,6,2019-01-19,13:11:00,Cash,4.2,0.48,2019,1,19
851,WALM055,Waxahachie,"Fashion accessories",74.1,1,2019-01-25,11:05:00,Cash,9.2,0.33,2019,1,25
852,WALM054,Sherman,"Fashion accessories",98.48,2,2019-02-19,10:12:00,Ewallet,9.2,0.21,2019,2,19
853,WALM030,Richardson,"Health and beauty",53.19,7,2019-01-14,15:42:00,Ewallet,5,0.48,2019,1,14
854,WALM093,Angleton,"Electronic accessories",52.79,10,2019-02-25,11:58:00,Ewallet,10,0.33,2019,2,25
855,WALM087,Waxahachie,"Health and beauty",95.95,5,2019-01-23,14:21:00,Ewallet,8.8,0.33,2019,1,23
856,WALM093,Angleton,"Fashion accessories",36.51,9,2019-02-16,10:52:00,Cash,4.2,0.33,2019,2,16
857,WALM049,"North Richland Hills","Food and beverages",21.12,8,2019-01-01,19:31:00,Cash,6.3,0.48,2019,1,1
858,WALM067,"Haltom City","Home and lifestyle",28.31,4,2019-03-07,18:35:00,Cash,8.2,0.33,2019,3,7
859,WALM093,Angleton,"Health and beauty",57.59,6,2019-02-15,13:51:00,Cash,5.1,0.33,2019,2,15
860,WALM097,Alice,"Food and beverages",47.63,9,2019-01-23,12:35:00,Cash,5,0.18,2019,1,23
861,WALM078,"Del Rio","Home and lifestyle",86.27,1,2019-02-20,13:24:00,Ewallet,7,0.33,2019,2,20
862,WALM068,Burleson,"Sports and travel",12.76,2,2019-01-08,18:06:00,Ewallet,7.8,0.33,2019,1,8
863,WALM031,Lewisville,"Home and lifestyle",11.28,9,2019-03-17,11:55:00,"Credit card",4.3,0.48,2019,3,17
864,WALM014,Amarillo,"Home and lifestyle",51.07,7,2019-01-12,11:42:00,Cash,7,0.48,2019,1,12
865,WALM052,Mansfield,"Electronic accessories",79.59,3,2019-01-08,14:30:00,Cash,6.6,0.57,2019,1,8
866,WALM075,"San Marcos","Health and beauty",33.81,3,2019-01-26,15:11:00,Ewallet,7.3,0.33,2019,1,26
867,WALM085,Kerrville,"Sports and travel",90.53,8,2019-03-15,14:48:00,"Credit card",6.5,0.33,2019,3,15
868,WALM053,Conroe,"Health and beauty",62.82,2,2019-01-17,12:36:00,Ewallet,4.9,0.57,2019,1,17
869,WALM051,"New Braunfels","Food and beverages",24.31,3,2019-01-08,19:09:00,"Credit card",4.3,0.48,2019,1,8
870,WALM035,"San Angelo","Sports and travel",64.59,4,2019-01-06,13:35:00,Ewallet,9.3,0.48,2019,1,6
871,WALM074,Weslaco,"Food and beverages",24.82,7,2019-02-16,10:33:00,Cash,7.1,0.33,2019,2,16
872,WALM091,"Little Elm","Fashion accessories",56.5,1,2019-03-13,15:45:00,Ewallet,9.6,0.33,2019,3,13
873,WALM005,"Fort Worth","Electronic accessories",21.43,10,2019-01-28,11:51:00,Cash,6.2,0.48,2019,1,28
874,WALM059,Pflugerville,"Sports and travel",89.06,6,2019-01-18,17:26:00,Cash,9.9,0.33,2019,1,18
875,WALM046,Temple,"Home and lifestyle",23.29,4,2019-03-19,11:52:00,"Credit card",5.9,0.48,2019,3,19
876,WALM067,"Haltom City","Home and lifestyle",65.26,8,2019-03-15,14:04:00,Ewallet,6.3,0.33,2019,3,15
877,WALM046,Temple,"Fashion accessories",52.35,1,2019-02-12,17:49:00,Cash,4,0.48,2019,2,12
878,WALM047,"Flower Mound","Electronic accessories",39.75,1,2019-02-25,20:19:00,Cash,6.1,0.48,2019,2,25
879,WALM067,"Haltom City","Electronic accessories",90.02,8,2019-03-21,16:08:00,"Credit card",4.5,0.33,2019,3,21
880,WALM013,Irving,"Electronic accessories",12.1,8,2019-01-19,10:17:00,Ewallet,8.6,0.48,2019,1,19
881,WALM023,Midland,"Food and beverages",33.21,10,2019-01-08,14:25:00,Ewallet,6,0.48,2019,1,8
882,WALM084,Schertz,"Fashion accessories",10.18,8,2019-03-30,12:51:00,"Credit card",9.5,0.33,2019,3,30
883,WALM090,Brownwood,"Sports and travel",31.99,10,2019-02-20,15:18:00,"Credit card",9.9,0.33,2019,2,20
884,WALM082,Weslaco,"Home and lifestyle",34.42,6,2019-03-30,12:45:00,Cash,7.5,0.33,2019,3,30
885,WALM003,"San Antonio","Food and beverages",83.34,2,2019-03-19,13:37:00,Cash,7.6,0.48,2019,3,19
886,WALM015,"Grand Prairie","Sports and travel",45.58,7,2019-01-13,10:03:00,Cash,5,0.48,2019,1,13
887,WALM027,Abilene,"Food and beverages",87.9,1,2019-02-05,19:42:00,Ewallet,6.7,0.48,2019,2,5
888,WALM001,Houston,"Electronic accessories",73.47,10,2019-03-23,13:14:00,Ewallet,9.5,0.36,2019,3,23
889,WALM093,Angleton,"Fashion accessories",12.19,8,2019-03-13,12:47:00,Ewallet,6.8,0.33,2019,3,13
890,WALM025,Waco,"Sports and travel",76.92,10,2019-03-17,19:53:00,Ewallet,5.6,0.48,2019,3,17
891,WALM092,"Lake Jackson","Health and beauty",83.66,5,2019-02-21,10:26:00,Cash,7.2,0.33,2019,2,21
892,WALM059,Pflugerville,"Electronic accessories",57.91,8,2019-02-07,15:06:00,Cash,8.1,0.33,2019,2,7
893,WALM015,"Grand Prairie","Fashion accessories",92.49,5,2019-03-02,16:35:00,"Credit card",8.6,0.48,2019,3,2
894,WALM063,Georgetown,"Electronic accessories",28.38,5,2019-03-06,20:57:00,Cash,9.4,0.33,2019,3,6
895,WALM075,"San Marcos","Electronic accessories",50.45,6,2019-02-06,15:16:00,"Credit card",8.9,0.33,2019,2,6
896,WALM051,"New Braunfels","Health and beauty",99.16,8,2019-01-28,17:47:00,"Credit card",4.2,0.48,2019,1,28
897,WALM060,DeSoto,"Fashion accessories",60.74,7,2019-01-18,16:23:00,Ewallet,5,0.33,2019,1,18
898,WALM039,Longview,"Food and beverages",47.27,6,2019-02-05,10:17:00,Cash,8.8,0.48,2019,2,5
899,WALM008,"Corpus Christi","Health and beauty",85.6,7,2019-03-02,13:50:00,Cash,5.3,0.48,2019,3,2
900,WALM083,"Farmers Branch","Food and beverages",35.04,9,2019-02-09,19:17:00,Ewallet,4.6,0.33,2019,2,9
901,WALM039,Longview,"Electronic accessories",44.84,9,2019-01-14,14:00:00,"Credit card",7.5,0.48,2019,1,14
902,WALM099,Weatherford,"Home and lifestyle",45.97,4,2019-02-09,12:02:00,Ewallet,5.1,0.18,2019,2,9
903,WALM011,Lubbock,"Health and beauty",27.73,5,2019-03-26,20:21:00,"Credit card",4.2,0.48,2019,3,26
904,WALM052,Mansfield,"Food and beverages",11.53,7,2019-01-28,17:35:00,Cash,8.1,0.57,2019,1,28
905,WALM012,Garland,"Health and beauty",58.32,2,2019-02-14,12:42:00,Ewallet,6,0.48,2019,2,14
906,WALM070,Hurst,"Home and lifestyle",78.38,4,2019-03-24,17:56:00,Cash,7.9,0.33,2019,3,24
907,WALM064,Bedford,"Health and beauty",84.61,10,2019-02-09,18:58:00,"Credit card",8.8,0.33,2019,2,9
908,WALM075,"San Marcos","Health and beauty",82.88,5,2019-03-24,14:08:00,"Credit card",6.6,0.33,2019,3,24
909,WALM021,McAllen,"Food and beverages",79.54,2,2019-03-27,16:30:00,Ewallet,6.2,0.48,2019,3,27
910,WALM009,Plano,"Home and lifestyle",49.01,10,2019-01-27,10:44:00,"Credit card",4.2,0.48,2019,1,27
911,WALM063,Georgetown,"Food and beverages",29.15,3,2019-03-27,20:29:00,"Credit card",7.3,0.33,2019,3,27
912,WALM002,Dallas,"Electronic accessories",56.13,4,2019-01-19,11:43:00,Ewallet,8.6,0.36,2019,1,19
913,WALM063,Georgetown,"Home and lifestyle",93.12,8,2019-02-07,10:09:00,Cash,6.8,0.33,2019,2,7
914,WALM034,"College Station","Fashion accessories",51.34,8,2019-01-31,10:00:00,Ewallet,7.6,0.48,2019,1,31
915,WALM005,"Fort Worth","Food and beverages",99.6,3,2019-02-25,18:45:00,Cash,5.8,0.48,2019,2,25
916,WALM028,Odessa,"Electronic accessories",35.49,6,2019-02-02,12:40:00,Cash,4.1,0.48,2019,2,2
917,WALM001,Houston,"Sports and travel",42.85,1,2019-03-14,15:36:00,"Credit card",9.3,0.36,2019,3,14
918,WALM027,Abilene,"Fashion accessories",94.67,4,2019-03-11,12:04:00,Cash,6.8,0.48,2019,3,11
919,WALM057,Euless,"Home and lifestyle",68.97,3,2019-02-22,11:26:00,Ewallet,8.7,0.33,2019,2,22
920,WALM069,Rockwall,"Electronic accessories",26.26,3,2019-03-02,12:36:00,Ewallet,6.3,0.33,2019,3,2
921,WALM092,"Lake Jackson","Home and lifestyle",35.79,9,2019-03-10,15:06:00,"Credit card",5.1,0.33,2019,3,10
922,WALM077,Coppell,"Home and lifestyle",16.37,6,2019-02-08,10:58:00,Cash,7,0.33,2019,2,8
923,WALM058,"Port Arthur","Home and lifestyle",12.73,2,2019-02-22,12:10:00,"Credit card",5.2,0.33,2019,2,22
924,WALM068,Burleson,"Sports and travel",83.14,7,2019-01-10,10:31:00,"Credit card",6.6,0.33,2019,1,10
925,WALM087,Waxahachie,"Sports and travel",35.22,6,2019-03-14,13:49:00,Ewallet,6.5,0.33,2019,3,14
926,WALM002,Dallas,"Electronic accessories",13.78,4,2019-01-10,11:10:00,Ewallet,9,0.36,2019,1,10
927,WALM055,Waxahachie,"Sports and travel",88.31,1,2019-02-15,17:38:00,"Credit card",5.2,0.33,2019,2,15
928,WALM071,Lufkin,"Health and beauty",39.62,9,2019-01-13,17:54:00,"Credit card",6.8,0.33,2019,1,13
929,WALM054,Sherman,"Electronic accessories",88.25,9,2019-02-15,20:51:00,"Credit card",7.6,0.33,2019,2,15
930,WALM024,Carrollton,"Sports and travel",25.31,2,2019-03-02,19:26:00,Ewallet,7.2,0.48,2019,3,2
931,WALM062,Galveston,"Home and lifestyle",99.92,6,2019-03-24,13:33:00,Ewallet,7.1,0.33,2019,3,24
932,WALM043,Baytown,"Fashion accessories",83.35,2,2019-02-02,14:05:00,"Credit card",9.5,0.48,2019,2,2
933,WALM038,"Sugar Land","Food and beverages",74.44,10,2019-02-27,11:40:00,Ewallet,5.1,0.48,2019,2,27
934,WALM013,Irving,"Health and beauty",64.08,7,2019-01-20,12:27:00,Ewallet,7.6,0.48,2019,1,20
935,WALM006,"El Paso","Home and lifestyle",63.15,6,2019-01-03,20:24:00,Ewallet,9.8,0.48,2019,1,3
936,WALM099,Weatherford,"Home and lifestyle",85.72,3,2019-01-24,20:59:00,Ewallet,5.1,0.18,2019,1,24
937,WALM081,Friendswood,"Health and beauty",78.89,7,2019-01-05,19:48:00,Ewallet,7.5,0.33,2019,1,5
938,WALM049,"North Richland Hills","Sports and travel",89.48,5,2019-03-30,10:18:00,Cash,7.4,0.48,2019,3,30
939,WALM088,Cleburne,"Health and beauty",92.09,3,2019-02-17,16:27:00,Cash,4.2,0.33,2019,2,17
940,WALM067,"Haltom City","Food and beverages",57.29,6,2019-03-21,17:04:00,Ewallet,5.9,0.33,2019,3,21
941,WALM093,Angleton,"Food and beverages",66.52,4,2019-03-02,18:14:00,Ewallet,6.9,0.33,2019,3,2
942,WALM095,"Big Spring","Fashion accessories",99.82,9,2019-03-27,10:43:00,Cash,6.6,0.33,2019,3,27
943,WALM082,Weslaco,"Home and lifestyle",45.68,10,2019-01-19,19:30:00,Cash,5.7,0.33,2019,1,19
944,WALM025,Waco,"Health and beauty",50.79,5,2019-02-19,14:53:00,"Credit card",5.3,0.48,2019,2,19
945,WALM058,"Port Arthur","Health and beauty",10.08,7,2019-03-28,20:14:00,Cash,4.2,0.33,2019,3,28
946,WALM097,Alice,"Electronic accessories",93.88,7,2019-01-05,11:51:00,"Credit card",7.3,0.18,2019,1,5
947,WALM007,Arlington,"Electronic accessories",84.25,2,2019-03-26,14:13:00,"Credit card",5.3,0.48,2019,3,26
948,WALM009,Plano,"Fashion accessories",53.78,1,2019-02-03,20:13:00,Ewallet,4.7,0.48,2019,2,3
949,WALM044,Pharr,"Home and lifestyle",35.81,5,2019-02-06,18:44:00,Ewallet,7.9,0.48,2019,2,6
950,WALM020,Killeen,"Food and beverages",26.43,8,2019-02-24,14:26:00,Ewallet,8.9,0.48,2019,2,24
951,WALM081,Friendswood,"Health and beauty",39.91,3,2019-02-21,12:40:00,Ewallet,9.3,0.33,2019,2,21
952,WALM039,Longview,"Home and lifestyle",21.9,3,2019-01-09,18:43:00,Ewallet,4.7,0.48,2019,1,9
953,WALM005,"Fort Worth","Food and beverages",62.85,4,2019-02-25,13:22:00,Ewallet,8.7,0.48,2019,2,25
954,WALM066,Grapevine,"Food and beverages",21.04,4,2019-01-13,13:58:00,Cash,7.6,0.33,2019,1,13
955,WALM071,Lufkin,"Home and lifestyle",65.91,6,2019-02-09,11:45:00,Cash,5.7,0.33,2019,2,9
956,WALM077,Coppell,"Fashion accessories",42.57,7,2019-01-06,11:51:00,Cash,6.8,0.33,2019,1,6
957,WALM042,Bryan,"Food and beverages",50.49,9,2019-01-10,17:16:00,Cash,5.4,0.48,2019,1,10
958,WALM086,Rosenberg,"Electronic accessories",46.02,6,2019-02-07,15:55:00,Cash,7.1,0.33,2019,2,7
959,WALM093,Angleton,"Home and lifestyle",15.8,10,2019-01-09,12:07:00,Cash,7.8,0.33,2019,1,9
960,WALM025,Waco,"Food and beverages",98.66,9,2019-02-19,15:07:00,Cash,8.4,0.48,2019,2,19
961,WALM013,Irving,"Fashion accessories",91.98,1,2019-03-18,15:29:00,Cash,9.8,0.48,2019,3,18
962,WALM022,Mesquite,"Electronic accessories",20.89,2,2019-02-05,18:45:00,Cash,9.8,0.48,2019,2,5
963,WALM062,Galveston,"Fashion accessories",15.5,1,2019-03-19,15:23:00,"Credit card",7.4,0.33,2019,3,19
964,WALM087,Waxahachie,"Electronic accessories",96.82,3,2019-03-30,20:37:00,Cash,6.7,0.33,2019,3,30
965,WALM091,"Little Elm","Food and beverages",33.33,2,2019-01-26,14:41:00,"Credit card",6.4,0.33,2019,1,26
966,WALM031,Lewisville,"Electronic accessories",38.27,2,2019-03-02,18:18:00,"Credit card",5.8,0.48,2019,3,2
967,WALM055,Waxahachie,"Home and lifestyle",33.3,9,2019-03-04,15:27:00,Ewallet,7.2,0.33,2019,3,4
968,WALM049,"North Richland Hills","Home and lifestyle",81.01,3,2019-01-13,12:55:00,"Credit card",9.3,0.48,2019,1,13
969,WALM012,Garland,"Health and beauty",15.8,3,2019-03-25,18:02:00,Cash,9.5,0.48,2019,3,25
970,WALM026,Denton,"Electronic accessories",34.49,5,2019-03-11,19:44:00,"Credit card",9,0.48,2019,3,11
971,WALM096,"Eagle Pass","Food and beverages",84.63,10,2019-01-01,11:36:00,"Credit card",9,0.18,2019,1,1
972,WALM029,"Round Rock","Home and lifestyle",36.91,7,2019-02-10,13:51:00,Ewallet,6.7,0.48,2019,2,10
973,WALM004,Austin,"Electronic accessories",87.08,7,2019-01-26,15:17:00,Cash,5.5,0.48,2019,1,26
974,WALM007,Arlington,"Home and lifestyle",80.08,3,2019-02-11,15:29:00,Cash,5.4,0.48,2019,2,11
975,WALM028,Odessa,"Fashion accessories",86.13,2,2019-02-07,17:59:00,Cash,8.2,0.48,2019,2,7
976,WALM058,"Port Arthur","Fashion accessories",49.92,2,2019-03-06,11:55:00,"Credit card",7,0.33,2019,3,6
977,WALM081,Friendswood,"Food and beverages",74.66,4,2019-03-04,10:39:00,Cash,8.5,0.33,2019,3,4
978,WALM091,"Little Elm","Food and beverages",26.6,6,2019-02-26,15:10:00,Ewallet,4.9,0.33,2019,2,26
979,WALM093,Angleton,"Electronic accessories",25.45,1,2019-03-10,18:10:00,"Credit card",5.1,0.33,2019,3,10
980,WALM034,"College Station","Food and beverages",67.77,1,2019-02-04,20:43:00,"Credit card",6.5,0.48,2019,2,4
981,WALM072,Lancaster,"Food and beverages",59.59,4,2019-01-19,12:46:00,Cash,9.8,0.33,2019,1,19
982,WALM023,Midland,"Health and beauty",58.15,4,2019-01-23,17:44:00,Cash,8.4,0.48,2019,1,23
983,WALM020,Killeen,"Sports and travel",97.48,9,2019-03-14,14:19:00,Ewallet,7.4,0.48,2019,3,14
984,WALM065,"Texas City","Health and beauty",99.96,7,2019-01-23,10:33:00,Cash,6.1,0.33,2019,1,23
985,WALM083,"Farmers Branch","Electronic accessories",96.37,7,2019-01-09,11:40:00,Cash,6,0.33,2019,1,9
986,WALM025,Waco,"Fashion accessories",63.71,5,2019-02-07,19:30:00,Ewallet,8.5,0.48,2019,2,7
987,WALM074,Weslaco,"Health and beauty",14.76,2,2019-02-18,14:42:00,Cash,4.3,0.33,2019,2,18
988,WALM036,Allen,"Health and beauty",62,8,2019-01-03,19:08:00,"Credit card",6.2,0.48,2019,1,3
989,WALM015,"Grand Prairie","Electronic accessories",82.34,10,2019-03-29,19:12:00,Ewallet,4.3,0.48,2019,3,29
990,WALM095,"Big Spring","Health and beauty",75.37,8,2019-01-28,15:46:00,"Credit card",8.4,0.33,2019,1,28
991,WALM057,Euless,"Food and beverages",56.56,5,2019-03-22,19:06:00,"Credit card",4.5,0.33,2019,3,22
992,WALM001,Houston,"Sports and travel",76.6,10,2019-01-24,18:10:00,Ewallet,6,0.36,2019,1,24
993,WALM087,Waxahachie,"Electronic accessories",58.03,2,2019-03-10,20:46:00,Ewallet,8.8,0.33,2019,3,10
994,WALM042,Bryan,"Fashion accessories",17.49,10,2019-02-22,18:35:00,Ewallet,6.6,0.48,2019,2,22
995,WALM047,"Flower Mound","Electronic accessories",60.95,1,2019-02-18,11:40:00,Ewallet,5.9,0.48,2019,2,18
996,WALM012,Garland,"Health and beauty",40.35,1,2019-01-29,13:46:00,Ewallet,6.2,0.48,2019,1,29
997,WALM005,"Fort Worth","Home and lifestyle",97.38,10,2019-03-02,17:16:00,Ewallet,4.4,0.48,2019,3,2
998,WALM041,Mission,"Food and beverages",31.84,1,2019-02-09,13:22:00,Ewallet,7.7,0.48,2019,2,9
999,WALM095,"Big Spring","Home and lifestyle",65.82,1,2019-02-22,15:33:00,Cash,4.1,0.33,2019,2,22
1000,WALM025,Waco,"Fashion accessories",88.34,7,2019-02-18,13:28:00,Cash,6.6,0.48,2019,2,18
